,Nuclei,Nuclei,Nuclei,Mitochondria,Mitochondria,Mitochondria,ER,ER,ER,Plasmalemma,Plasmalemma,Plasmalemma,Dense Microsomes,Dense Microsomes,Dense Microsomes,Cytosol,Cytosol,Cytosol,Whole cell homogenate,Whole cell homogenate,Whole cell homogenate
,#1,#2,#3,#7,#8,#9,#13,#14,#15,#19,#20,#21,#25,#26,#27,#31,#32,#33,#37,#38,#39
PA(14:0/16:1),8.41E-01,1.12E+00,1.54E+00,5.70E-01,6.61E-01,5.90E-01,3.59E-01,2.77E-01,1.86E-01,1.87E-01,3.16E-01,1.86E-01,7.59E-01,1.17E+00,1.24E+00,4.26E+00,5.01E+00,5.45E+00,4.53E-01,6.58E-05,4.28E-01
PA(14:0/16:0),8.57E-05,8.32E-05,7.72E-05,4.75E-05,2.80E-05,9.44E-01,1.52E-05,1.52E-05,3.06E-01,1.19E-05,5.80E-01,3.05E-01,6.05E-05,4.96E-05,4.27E-05,3.78E-04,2.50E-04,3.00E-04,5.79E-05,6.58E-05,4.38E-01
PA(12:0/20:4),8.57E-05,8.32E-05,7.72E-05,4.75E-05,2.80E-05,3.24E-05,1.52E-05,1.52E-05,1.30E-05,1.19E-05,9.66E-06,9.32E-06,6.05E-05,8.03E-01,4.19E-01,2.27E+00,2.50E-04,2.78E+00,5.79E-05,6.58E-05,5.60E-05
PA(16:0/16:1),3.89E-01,4.54E-01,7.72E-05,4.06E-01,5.09E-01,3.66E-01,1.52E-05,4.43E-01,2.59E-01,2.37E-01,4.04E-01,3.73E-01,5.83E-01,5.23E-01,5.20E-01,3.78E-04,2.50E-04,3.00E-04,3.16E-01,4.19E-01,3.77E-01
PA(16:0/16:0),2.18E+00,3.63E+00,3.65E+00,1.04E+00,4.68E+00,1.77E+00,1.41E+00,3.60E+00,1.34E+00,2.37E+00,5.44E+00,3.56E+00,1.21E+00,2.71E+00,1.32E+00,3.78E-04,3.37E+00,1.58E+00,1.79E+00,4.19E+00,2.55E+00
PA(16:0/18:2),0.202507375,0.287261606,0.337064367,0.233283123,0.244159494,0.235896816,0.240100951,0.165942729,0.018369433,0.081881682,0.16858235,0.142361258,0.450896425,0.18050767,0.131916772,0.61798376,0.455001356,0.381284539,0.200041066,0.203461833,0.142578261
PA(16:0/18:1),1.2150442,1.6630935,1.6853218,1.2096162,2.0346625,1.4153809,1.0763146,1.5764559,1.1539772,0.9911993,1.6507022,1.4405604,1.8695705,1.9855844,1.6295601,1.8539513,1.7745053,1.7974843,1.1581325,1.675568,1.2220994
PA(16:0/18:0),1.40E+00,2.72E+00,2.39E+00,8.64E-01,3.05E+00,1.36E+00,9.38E-01,2.07E+00,7.30E-01,1.47E+00,3.51E+00,2.20E+00,7.92E-01,1.71E+00,9.31E-01,3.78E-04,2.05E+00,1.14E+00,1.16E+00,2.99E+00,1.83E+00
PA(16:0/20:3),8.57E-05,8.32E-05,7.72E-05,4.75E-05,2.80E-05,3.24E-05,1.52E-05,2.77E-01,1.30E-05,1.21E-01,1.70E-01,1.66E-01,6.05E-05,4.96E-05,4.27E-05,3.78E-04,2.50E-04,3.00E-04,5.79E-05,1.91E-01,5.60E-05
PA(18:0/18:2),0.8723395,1.8142838,2.2470958,1.7280231,0.813865,1.5333293,0.9107277,1.1615991,0.4945617,0.68953,1.0536397,0.8982317,1.8695705,2.166092,1.6295601,4.1885566,3.9130117,3.8673146,0.8949206,0.5505438,0.5906814
PA(18:0/18:1),1.713524,2.267855,2.247096,1.641622,2.390728,1.710252,2.456205,2.489141,1.978247,1.766921,2.809706,2.372688,2.969318,2.797869,2.87113,2.5406,3.094009,2.77793,1.579272,1.316518,1.833149
PA(18:0/18:0),4.83E-01,7.56E-01,8.57E-01,3.46E-01,8.65E-01,5.25E-01,4.69E-01,6.08E-01,4.24E-01,4.96E-01,8.96E-01,6.44E-01,7.04E-01,6.32E-01,3.96E-01,3.78E-04,2.50E-04,5.45E-01,4.11E-01,8.86E-01,6.01E-01
PA(18:1/20:4),8.88E-01,9.83E-01,1.83E+00,5.62E-01,6.61E-01,5.66E-01,1.52E-05,2.49E-01,2.59E-01,1.96E-01,3.86E-01,2.88E-01,1.32E+00,1.17E+00,7.76E-01,3.09E+00,3.05E+00,3.81E+00,5.79E-05,7.18E-01,5.09E-01
PA(18:0/20:4),3.58E-01,7.71E-01,7.72E-05,4.23E-01,3.26E-01,3.13E-01,1.52E-05,6.64E-01,4.95E-01,4.31E-01,6.50E-01,5.08E-01,9.68E-01,8.66E-01,6.52E-01,3.78E-04,2.50E-04,3.00E-04,5.79E-05,3.95E-01,5.09E-01
PA(18:0/20:3),4.98E-01,7.26E-01,1.03E+00,2.51E-01,1.27E+00,4.54E-01,7.45E-01,1.08E+00,6.83E-01,6.68E-01,1.65E+00,1.14E+00,4.18E-01,1.26E+00,6.29E-01,1.72E+00,2.50E-04,1.96E+00,6.21E-01,1.08E+00,9.47E-01
PA(18:0/20:2),8.57E-05,4.84E-01,7.72E-05,4.06E-01,4.48E-01,3.83E-01,1.52E-05,1.33E-01,2.24E-01,1.40E-01,4.21E-02,6.10E-02,6.05E-05,4.96E-05,4.27E-05,3.78E-04,2.50E-04,3.00E-04,5.79E-05,3.47E-01,1.32E-01
PA(16:0/22:1),8.57E-05,8.32E-05,7.72E-05,4.75E-05,2.75E-01,3.24E-05,1.52E-05,1.52E-05,1.30E-05,1.57E-01,3.34E-01,2.20E-01,6.05E-05,4.96E-05,4.27E-05,3.78E-04,2.50E-04,3.00E-04,5.79E-05,6.58E-05,2.14E-01
PA(18:0/22:6),8.57E-05,1.66E+00,1.69E+00,4.75E-05,2.80E-05,3.24E-05,1.52E-05,1.11E+00,1.22E+00,8.83E-01,1.26E+00,1.20E+00,2.09E+00,2.08E+00,1.78E+00,3.78E-04,2.50E-04,3.00E-04,5.79E-05,1.32E+00,1.02E+00
PA(18:0/22:4),8.57E-05,1.25E+00,7.72E-05,7.43E-01,9.66E-01,7.08E-01,1.52E-05,8.30E-01,5.42E-01,6.46E-01,1.00E+00,7.29E-01,6.05E-05,1.35E+00,4.27E-05,3.78E-04,2.50E-04,3.00E-04,5.79E-05,8.50E-01,8.35E-01
PA(18:2/22:1),7.63E-01,8.47E-01,7.72E-05,5.01E-01,1.27E+00,4.78E-01,1.52E-05,9.13E-01,5.18E-01,6.46E-01,1.56E+00,9.49E-01,6.05E-05,8.03E-01,4.27E-05,3.78E-04,2.50E-04,3.00E-04,5.79E-05,1.02E+00,8.05E-01
PA(18:0/22:1),8.57E-05,8.32E-05,7.72E-05,4.75E-05,2.80E-05,3.24E-05,1.52E-05,1.52E-05,1.30E-05,1.19E-05,3.34E-01,2.03E-01,6.05E-05,4.96E-05,4.27E-05,3.78E-04,2.50E-04,3.00E-04,5.79E-05,6.58E-05,5.60E-05
PA(18:0/22:0),8.57E-05,8.32E-05,7.72E-05,4.75E-05,2.80E-05,3.24E-05,1.52E-05,3.60E-01,4.24E-01,3.66E-01,4.92E-01,5.42E-01,6.05E-05,4.96E-05,4.27E-05,3.78E-04,2.50E-04,3.00E-04,5.79E-05,3.47E-01,3.97E-01
PC(12:0/16:0),1.09E+00,1.51E+00,1.69E+00,1.12E+00,1.42E+00,1.65E+00,2.01E+00,1.69E+00,8.48E-01,5.82E-01,1.93E+00,1.08E+00,1.21E+00,1.35E+00,9.31E-01,2.47E+00,4.23E+00,1.42E+00,5.79E-05,7.54E-01,6.42E-01
PC(14:0/18:2),2.49E+00,3.33E+00,4.63E+00,3.28E+00,3.10E+00,4.84E+00,2.32E+00,2.77E+00,3.53E+00,1.29E+00,1.76E+00,1.86E+00,3.74E+00,4.24E+00,5.28E+00,4.26E+00,5.92E+00,4.96E+00,2.53E+00,1.56E+00,1.83E+00
PC(16:0/16:1),14.487066,19.654741,26.684262,18.144243,18.820628,23.589682,8.003365,20.46627,23.550556,9.911993,14.926562,14.405604,26.393937,30.686304,33.367184,31.585837,36.400108,32.13684,16.845563,11.010876,11.202578
PC(16:0/16:0),6.698321,9.071419,8.286166,6.393686,8.13865,7.666647,4.691628,7.743994,6.594156,7.757212,10.536397,8.473884,9.237878,9.927922,7.294222,10.986378,12.740038,8.715075,7.264649,5.864488,4.786556
PC(16:1/18:2),6.23E-01,6.95E-01,9.41E-01,7.17E-01,6.61E-01,1.00E+00,2.62E+00,1.52E-05,7.54E-01,3.45E-01,6.67E-01,9.32E-06,9.79E-01,1.17E+00,1.16E+00,1.72E+00,2.50E-04,1.74E+00,5.79E-05,3.95E-01,4.07E-01
PC(16:0/18:2),5.919446,7.105945,11.516366,8.035308,7.629984,10.025615,3.035759,8.297136,9.420222,3.663128,5.268198,5.423286,12.097221,14.440614,17.071582,15.10627,20.02006,16.885458,8.212212,4.667654,4.786556
PC(16:0/18:1),1.25E+01,1.51E+01,2.11E+01,1.47E+01,1.58E+01,1.77E+01,7.45E+00,1.77E+01,1.74E+01,1.08E+01,1.60E+01,1.46E+01,2.53E+01,2.89E+01,3.10E+01,3.16E+01,4.05E+01,3.21E+01,1.79E+01,1.02E+01,9.47E+00
PC(16:0/18:0),4.517472,8.315468,9.690601,7.689703,8.13865,13.564067,1.738662,1.880684,2.331505,5.817909,5.970625,4.914853,1.869571,6.047007,8.535791,5.905178,7.280022,5.991614,3.684967,5.385754,4.582873
PC(16:0/20:4),2.18E+00,2.57E+00,3.93E+00,2.07E+00,2.39E+00,2.48E+00,1.52E-05,1.88E+00,2.24E+00,2.03E+00,2.46E+00,2.37E+00,2.97E+00,3.43E+00,3.41E+00,3.78E-04,2.50E-04,4.85E+00,2.42E+00,1.91E+00,1.63E+00
PC(16:0/20:3),4.52E+00,4.84E+00,6.88E+00,5.96E+00,6.10E+00,7.08E+00,6.62E+00,5.25E+00,5.18E+00,2.59E+00,3.69E+00,3.39E+00,8.03E+00,9.03E+00,1.09E+01,9.61E+00,1.05E+01,1.09E+01,2.63E+00,3.47E+00,3.26E+00
PC(18:0/18:2),32.71273,42.33329,51.96409,41.47256,40.18458,48.94859,13.79891,41.48568,42.391,23.70259,29.85312,27.11643,63.78535,75.81322,76.04614,68.66486,91.00027,76.25691,41.06106,25.13352,22.40516
PC(18:0/18:1),2.49E+01,3.63E+01,7.72E-05,3.02E+01,3.46E+01,3.77E+01,8.56E+00,2.18E+01,2.59E+01,2.07E+01,2.28E+01,2.03E+01,3.41E+01,4.51E+01,3.57E+01,3.57E+01,4.32E+01,3.87E+01,2.00E+01,2.15E+01,1.93E+01
PC(18:0/18:0),3.89E+00,6.05E+00,1.17E+01,3.80E+00,5.09E+00,5.43E+00,1.52E-05,1.52E-05,9.42E-01,2.37E+00,1.76E+00,6.78E-01,1.65E+00,2.44E+00,4.27E-05,3.78E-04,2.50E-04,1.03E+00,5.79E-05,2.75E+00,2.85E+00
PC(16:0/22:6),14.79862,21.16664,26.68426,15.55221,18.31196,20.64097,10.76315,13.82856,16.01438,15.94538,19.31673,16.26986,19.79545,24.36854,21.72747,21.28611,29.57509,27.7793,11.58132,11.96834,12.22099
PC(18:1/20:4),6.70E+00,9.83E+00,1.01E+01,6.74E+00,8.14E+00,8.85E+00,9.38E+00,4.70E+00,4.95E+00,7.76E+00,7.02E+00,5.93E+00,6.93E+00,8.30E+00,5.66E+00,1.03E+01,9.56E+00,7.63E+00,4.32E+00,5.63E+00,5.80E+00
PC(18:0/20:4),4.83E+00,6.35E+00,7.86E+00,6.31E+00,6.61E+00,7.67E+00,8.56E+00,3.04E+00,4.00E+00,3.23E+00,2.28E+00,1.10E+00,6.38E+00,7.49E+00,6.44E+00,6.25E+00,9.10E+00,6.54E+00,2.42E+00,3.95E+00,3.36E+00
PC(18:0/20:2),8.57E+00,1.12E+01,1.21E+01,1.12E+01,1.07E+01,1.12E+01,7.45E+00,6.36E+00,7.07E+00,5.60E+00,4.21E+00,3.39E+00,1.01E+01,1.35E+01,1.09E+01,1.30E+01,1.41E+01,1.20E+01,5.37E+00,6.22E+00,6.01E+00
PC(16:0/22:1),6.542546,11.7928449,8.7074961,3.1104416,6.1039874,5.779472,6.3474964,6.0845667,8.0071889,12.9286866,9.8339704,12.0329159,8.1381306,5.7762454,7.4494177,7.5531348,11.8300352,6.5363064,4.0008213,0.2992086,1.323941
PC(18:0/20:0),1.71E+01,2.12E+01,3.23E+01,2.51E+01,2.44E+01,3.13E+01,3.59E+00,1.08E+01,1.34E+01,8.40E+00,1.04E+01,8.81E+00,1.98E+01,2.44E+01,2.33E+01,2.20E+01,2.55E+01,2.45E+01,1.03E+01,1.03E+00,8.76E-01
PC(18:1/22:6),1.71E+01,5.14E+00,7.58E+00,4.67E+00,4.22E+00,2.24E+01,1.46E+01,1.05E+01,1.11E+01,7.33E+00,1.14E+01,7.80E+00,1.43E+01,1.99E+01,1.55E+01,1.72E+01,2.32E+01,1.85E+01,5.79E-05,1.09E+01,1.12E+01
PC(18:0/22:6),1.71E+01,4.84E+00,6.04E+00,3.63E+00,2.80E-05,2.54E+00,1.44E+01,9.96E+00,9.18E+00,6.25E+00,1.49E+00,1.19E+00,1.21E+01,1.62E+01,1.24E+01,1.37E+01,1.73E+01,1.58E+01,6.42E+00,1.11E+01,1.12E+01
PC(18:0/22:4),3.12E+00,8.32E-05,7.72E-05,4.49E+00,2.80E-05,3.24E-05,9.11E+00,1.52E-05,1.84E+00,1.19E-05,9.66E-06,9.32E-06,2.20E+00,2.98E+00,2.79E+00,3.78E-04,2.50E-04,3.00E-04,5.79E-05,1.91E+00,1.93E+00
PC(18:2/22:0),1.39E+00,1.41E+00,2.53E+00,1.73E+00,1.73E+00,2.36E+00,1.52E-05,1.52E-05,1.30E-05,4.74E-01,9.66E-06,9.32E-06,1.98E+00,1.53E+00,1.40E+00,3.78E-04,2.50E-04,3.00E-04,5.79E-05,1.11E+00,1.02E+00
PC(18:0/22:1),4.83E+00,6.20E+00,7.86E+00,6.57E+00,6.61E+00,7.67E+00,1.52E-05,2.71E+00,3.06E+00,2.59E+00,2.46E+00,2.20E+00,4.95E+00,5.78E+00,3.96E+00,6.32E+00,5.01E+00,5.99E+00,1.90E+00,2.63E+00,2.95E+00
PC(18:2/24:0),9.19E+00,1.10E+01,1.21E+01,1.12E+01,1.22E+01,1.18E+01,1.52E-05,3.32E+00,3.77E+00,3.66E+00,3.51E+00,2.54E+00,6.60E+00,8.57E+00,6.98E+00,3.78E-04,1.09E+01,9.26E+00,3.26E+00,5.03E+00,5.19E+00
PC(18:1/24:0),9.97E+00,1.12E+01,1.05E+01,1.12E+01,1.17E+01,1.18E+01,1.52E-05,3.32E+00,4.71E+00,3.66E+00,3.69E+00,2.88E+00,6.49E+00,8.21E+00,7.29E+00,1.17E+01,1.37E+01,9.26E+00,2.42E+00,4.43E+00,5.19E+00
PE(16:0/16:0),2.025073747,2.419045106,1.685321833,3.71524973,4.425390837,4.010245872,1.573075194,2.018969865,1.577887232,1.616085829,1.35217093,1.372769275,1.209722117,1.534315194,1.474363925,0.000377657,0.000250251,1.198322838,1.579271576,1.555884601,1.833149064
PE(16:0/18:2),8.723395,9.222609,8.707496,9.504127,11.190643,9.435873,8.279343,11.892562,13.188311,6.248865,5.970625,6.779108,8.797979,10.83046,14.743639,6.179838,7.735023,8.715075,7.369934,5.625121,8.045488
PE(16:0/18:1),15.57749,16.63094,13.20169,21.60029,23.39862,22.4102,15.73075,18.53027,17.89842,11.8513,11.41443,12.20239,14.29672,14.44061,18.62354,10.29973,11.37503,11.98323,13.68702,11.13056,14.25783
PE(16:0/18:0),3.738597686,3.930948297,2.387539264,5.70247633,6.612652974,5.484600971,1.407488332,1.244570465,1.884044456,1.917755184,1.756066143,1.457508119,1.209722117,1.624569029,0.737181963,0.000377657,0.000250251,0.000299581,2.105695435,2.154301756,2.647881981
PE(16:0/20:4),6.70E+00,6.65E+00,7.02E+00,2.85E+00,8.65E+00,3.24E-05,7.18E+00,8.57E+00,8.95E+00,5.39E+00,5.09E+00,5.76E+00,7.15E+00,6.86E+00,9.31E+00,8.24E+00,9.10E+00,8.17E+00,6.00E+00,4.67E+00,6.01E+00
PE(16:0/20:3),6.386771047,7.257135317,6.600843848,9.504127217,8.647315428,8.846130599,6.899452606,8.573707645,9.655727838,4.740518431,5.092591814,5.253808337,7.808206389,8.393606649,10.86373418,5.836513289,7.280021689,7.625690789,6.211801533,4.907020665,6.110496879
PE(18:0/18:2),29.59723,30.23806,28.0887,28.51238,32.5546,28.30762,27.59781,38.71997,37.68089,19.60851,21.07279,22.0321,34.09217,37.90661,48.11082,32.27249,40.95012,41.9413,25.26835,19.14935,23.42357
PE(18:0/18:1),2.18E+01,2.42E+01,1.97E+01,3.11E+01,3.61E+01,2.95E+01,1.90E+01,2.05E+01,2.00E+01,1.44E+01,1.49E+01,1.59E+01,1.87E+01,1.90E+01,2.10E+01,1.44E+01,1.55E+01,1.69E+01,2.00E+01,1.56E+01,5.60E-05
PE(18:0/18:0),6.542546,7.861897,7.303061,11.23215,12.71664,10.615357,5.519562,7.467423,6.35865,6.248865,5.970625,6.948585,6.378535,7.310561,7.139025,6.317167,7.280022,6.536306,6.001232,5.744805,8.351012
PE(16:0/22:6),3.115498072,3.023806382,2.52798275,1.72802313,4.93405645,4.069220076,3.035759147,2.627426536,3.061572241,1.594538018,2.4584926,2.203209948,2.859343185,2.888122718,3.259120255,0.000377657,0.000250251,3.159214755,2.737404066,2.513352048,0.926758693
PE(18:1/20:4),10.281144,12.246416,10.533261,18.144243,18.820628,16.512777,7.451409,10.509706,11.775278,7.757212,7.726691,7.457018,10.337625,11.732999,13.191677,6.866486,8.190024,9.80446,11.581325,9.095941,11.202578
PE(18:0/20:4),20.25074,21.16664,19.66209,33.69645,33.57193,30.07684,12.41901,17.97713,18.60494,12.92869,12.81928,13.72769,17.59596,19.85584,20.17551,13.04632,16.83505,19.06423,18.95126,15.55885,18.33149
PE(18:0/20:3),15.265941,16.630935,14.044349,25.056335,24.415949,22.99994,9.659234,10.786277,11.068761,9.911993,9.658364,9.490751,12.097221,11.732999,12.415696,8.239783,10.01003,11.438536,12.634173,10.532142,13.23941
PE(18:0/20:2),6.075221,6.652374,6.179513,7.689703,8.13865,8.256389,3.863693,3.595426,4.945617,3.663128,3.863346,3.728509,5.058838,5.324976,5.354269,3.707903,3.640011,4.19413,4.527245,3.710186,4.990239
PE(16:0/22:1),4.36E+00,4.08E+00,4.49E+00,5.62E+00,6.10E+00,5.43E+00,3.59E+00,4.70E+00,4.47E+00,3.66E+00,3.51E+00,3.73E+00,4.07E+00,3.61E+00,4.42E+00,2.95E+00,4.10E+00,3.92E+00,3.90E+00,3.59E+00,4.07E+00
PE(18:0/20:0),6.854096,9.978561,8.286166,9.504127,11.190643,10.025615,6.623475,10.233135,9.655728,7.541734,8.429117,7.795974,8.248105,8.93513,8.535791,6.248502,9.100027,8.170383,6.948795,6.941639,7.841804
PE(18:0/22:6),6.39E+00,7.26E+00,6.18E+00,1.21E+01,1.37E+01,1.24E+01,3.59E+00,4.98E+00,4.47E+00,4.09E+00,3.86E+00,3.56E+00,4.95E+00,5.51E+00,5.82E+00,3.78E-04,2.50E-04,3.00E-04,5.69E+00,5.15E+00,6.21E+00
PE(18:0/22:5),6.230996,6.954755,6.319957,11.23215,12.71664,10.025615,3.587715,4.148568,4.2391,3.663128,3.863346,3.050598,4.289015,4.783453,4.345494,4.188557,5.005015,5.065637,5.053669,4.308604,5.397606
PE(18:0/22:4),4.050147493,3.930948297,3.370643667,6.393685582,7.121318588,6.487162439,2.014640161,2.489140929,2.213752236,2.370259216,2.107279371,2.372687636,2.639393709,2.888122718,3.181522154,2.540599902,0.000250251,3.268153195,2.737404066,2.513352048,3.360773283
PS(16:0/18:2),4.36E-01,4.84E-01,8.99E-01,6.65E-01,6.61E-01,6.49E-01,1.52E-05,8.30E-01,8.71E-01,7.54E-01,8.78E-01,1.03E+00,7.15E-01,7.40E-01,7.22E-01,3.78E-04,2.50E-04,3.00E-04,5.79E-05,3.23E-01,4.38E-01
PS(16:0/18:1),2.803948,3.174997,3.791974,2.160029,2.695928,2.712813,9.383256,5.531424,5.181122,5.602431,6.497445,8.134929,5.828661,3.971169,5.199073,3.845232,3.50351,4.793291,3.158543,2.393669,2.851565
PS(16:0/18:0),4.36E-01,4.99E-01,6.18E-01,3.11E-01,3.92E-01,4.13E-01,5.80E-01,3.32E-01,4.24E-01,6.68E-01,7.20E-01,7.80E-01,2.09E-01,3.52E-01,1.32E-01,3.78E-04,2.50E-04,3.00E-04,5.79E-05,3.71E-01,3.87E-01
PS(16:0/20:4),5.30E-01,6.20E-01,8.29E-01,4.84E-01,6.10E-01,5.72E-01,9.38E-01,5.81E-01,4.71E-01,5.82E-01,8.60E-01,8.98E-01,7.48E-01,5.51E-01,8.54E-01,3.78E-04,2.50E-04,3.00E-04,6.95E-01,3.59E-01,4.07E-01
PS(18:0/18:2),2.803948,3.023806,3.651531,2.160029,2.645061,2.476917,7.451409,4.978282,4.474606,4.955997,6.146231,7.118063,4.838888,3.700407,4.811082,3.639238,3.27601,4.248599,3.263828,2.154302,2.647882
PS(18:0/18:1),13.240867,15.119032,15.448783,10.368139,14.242637,11.794841,41.396716,22.67884,20.488983,25.857373,33.365257,33.895538,24.194442,17.148229,18.623544,21.286107,18.200054,19.064227,13.68702,11.010876,13.23941
PS(18:0/18:0),9.81E+00,1.22E+01,1.54E+01,7.69E+00,9.66E+00,1.06E+01,1.52E-05,1.71E+00,4.95E-01,8.19E+00,9.48E+00,8.13E+00,1.32E+01,1.08E+01,1.01E+01,3.50E+01,3.23E+01,3.54E+01,2.95E+00,2.27E+00,1.93E+00
PS(18:1/20:4),1.01E+00,1.21E+00,1.54E+00,7.86E-01,1.02E+00,8.85E-01,1.24E+00,9.96E-01,8.48E-01,1.08E+00,1.28E+00,1.36E+00,1.21E+00,9.03E-01,1.09E+00,3.78E-04,2.50E-04,3.00E-04,4.63E-01,9.34E-01,4.99E-01
PS(18:0/20:4),3.115498,3.477377,3.932418,2.24643,2.950261,3.243581,6.623475,3.871997,3.532583,4.740518,5.970625,5.931719,3.629166,3.06863,3.879905,3.158584,3.36701,3.431561,3.263828,2.154302,2.953407
PS(18:0/20:3),1.8692988,2.1166645,2.2470958,1.3824185,1.8820628,1.8282003,4.4156497,2.7103979,2.8260667,4.0940841,4.0389521,4.5758976,2.3094695,1.8953305,2.327943,2.4032702,1.8200054,2.1242996,1.6845563,1.5558846,1.9349907
PS(18:0/20:2),0.996959383,1.224641585,0.997148752,0.673929021,1.068197788,0.825638856,1.93184673,1.493484558,1.295280564,1.982398617,2.282885986,2.03373226,1.319696854,0.992792184,0.931177216,0.000377657,0.000250251,1.416199718,0.937034469,0.754005614,0.987863662
PS(16:0/22:1),0.685409576,0.771070628,0.842660917,0.65664879,0.864731543,0.707690448,2.014640161,1.050970615,0.777168338,1.379059907,1.738505481,1.626985808,1.066754957,0.649827612,0.853579115,0.000377657,0.000250251,0.000299581,0.642237108,0.598417154,0.651786334
PS(18:0/22:6),2.648173,2.419045,3.089757,1.728023,2.339862,2.24102,5.243584,3.595426,3.532583,4.740518,5.092592,6.270674,3.299242,2.707615,3.802307,3.227249,2.275007,3.322622,2.316265,2.034618,2.851565
PS(18:0/22:5),1.8692988,2.1166645,2.1066523,1.3824185,1.9837959,1.5923035,4.4156497,2.6827408,2.8260667,4.3095622,4.0389521,4.4064199,2.6393937,2.0758382,2.5607373,1.991281,1.8200054,1.8519535,1.7898411,1.4362012,2.0368323
PS(18:0/22:4),0.88791695,0.861784819,1.025237449,0.708489483,0.864731543,0.825638856,2.180227024,1.493484558,1.365932231,1.723824884,1.931672757,2.03373226,1.319696854,0.992792184,1.086373418,1.098637796,0.000250251,1.198322838,0.810692743,0.718100585,0.875837886
PS(18:2/22:1),0.716564557,0.771070628,0.772439174,0.492486592,0.712131859,0.707690448,1.545477384,1.106284857,0.777168338,1.44370334,1.510216883,1.237187125,0.879797903,0.758132214,0.853579115,0.000377657,0.000250251,0.653630639,0.673822539,0.514638753,0.600865526
PS(18:2/22:0),4.05E-01,3.63E-01,3.79E-01,2.68E-01,3.97E-01,3.36E-01,1.10E+00,4.98E-01,5.18E-01,8.19E-01,7.38E-01,7.46E-01,5.72E-01,3.43E-01,4.27E-05,3.78E-04,2.50E-04,3.00E-04,2.53E-01,2.99E-01,3.06E-01
PS(18:0/22:1),4.21E-01,3.02E-01,7.72E-05,3.46E-01,3.81E-01,3.83E-01,8.83E-01,3.87E-01,4.00E-01,6.25E-01,6.67E-01,6.27E-01,5.50E-01,4.96E-05,4.27E-05,3.78E-04,2.50E-04,3.00E-04,2.95E-01,2.51E-01,3.56E-01
PS(18:0/22:0),0.576367143,0.831546755,0.81457222,0.492486592,0.661265297,0.471793632,0.745140882,0.608456672,0.518112226,0.581790898,0.948275717,0.542328603,0.461893899,0.785208364,0.706142722,0.000377657,0.000250251,0.000299581,0.526423859,0.418892008,0.48883975
PS(20:4/22:0),9.03E-01,7.56E-01,1.54E+00,7.34E-01,9.16E-01,9.44E-01,1.52E-05,4.43E-01,3.06E-01,4.53E-01,5.44E-01,3.73E-01,8.03E-01,8.39E-01,8.54E-01,2.88E+00,2.78E+00,2.94E+00,5.79E-05,3.35E-01,4.28E-01
PS(20:3/22:0),5.14E-01,7.41E-01,7.86E-01,4.58E-01,6.10E-01,5.84E-01,1.52E-05,4.70E-01,3.53E-01,4.53E-01,4.74E-01,5.42E-01,1.00E+00,8.48E-01,8.54E-01,3.23E+00,3.32E+00,2.51E+00,5.79E-05,3.23E-01,4.38E-01
PS(18:2/24:0),2.96E-01,4.23E-01,4.49E-01,3.97E-01,5.60E-01,2.95E-01,1.52E-05,2.21E-01,1.08E-01,2.00E-01,4.21E-01,2.03E-01,1.02E-01,1.81E-01,4.27E-05,3.78E-04,2.50E-04,3.00E-04,5.79E-05,2.99E-01,1.32E-01
PS(18:1/24:0),3.89E-01,4.08E-01,7.72E-05,3.28E-01,4.17E-01,4.19E-01,1.52E-05,5.25E-01,1.51E-01,2.80E-01,3.51E-01,2.71E-01,6.05E-05,3.43E-01,5.74E-01,3.78E-04,2.50E-04,3.00E-04,5.79E-05,4.31E-01,2.65E-01
PS(18:0/24:0),8.57E-05,8.32E-05,7.72E-05,4.75E-05,1.73E-01,2.36E-01,1.52E-05,1.52E-05,1.30E-05,2.15E-01,2.63E-01,9.32E-06,6.05E-05,4.96E-05,4.27E-05,3.78E-04,2.50E-04,3.00E-04,5.79E-05,6.58E-05,1.22E-01
PI(16:0/18:2),8.57E-05,8.32E-05,7.72E-05,4.75E-05,2.80E-05,1.24E-01,1.52E-05,1.52E-05,7.30E-02,1.19E-05,9.66E-06,7.63E-02,6.05E-05,4.96E-05,4.27E-05,3.78E-04,2.50E-04,3.00E-04,5.79E-05,6.58E-05,5.60E-05
PI(16:0/18:1),9.81E-02,1.06E-01,1.83E-01,1.38E-01,2.29E-01,1.83E-01,1.90E-01,1.47E-01,1.58E-01,9.91E-02,1.49E-01,1.69E-01,1.54E-01,4.96E-05,4.27E-05,3.78E-04,2.50E-04,3.00E-04,5.16E-01,7.66E-02,6.42E-02
PI(16:1/20:4),0.13240867,0.18142838,0.29493132,0.10368139,0.12207975,0.13564067,0.04967606,0.06637709,0.04474606,0.05171475,0.08077904,0.05931719,0.18695705,0.18953305,0.17847563,0.65231619,0.72800217,0.59916142,0.06001232,0.05864488,0.06416022
PI(16:0/20:4),0.05452122,0.05442851,0.11095035,0.07344098,0.09155981,0.08846131,0.06347496,0.07467423,0.09184717,0.03232172,0.07024265,0.05762241,0.12097221,0.09927922,0.09311772,0.19226161,0.27300081,0.21787688,0.17898411,0.03111769,0.03564457
PI(16:0/20:3),4.36E-02,8.32E-05,7.72E-05,1.30E-01,3.71E-02,5.90E-02,1.74E-01,1.52E-05,3.77E-02,4.74E-02,1.48E-01,1.39E-01,6.05E-05,1.53E-01,3.72E-01,3.78E-04,5.01E-01,9.80E-01,2.95E-02,6.58E-05,7.13E-02
PI(18:0/18:2),0.2648173,0.3628568,0.5055966,0.5356872,0.7121319,0.6487162,0.579554,0.6637709,0.6829661,0.344765,0.4214559,0.5253808,0.5278787,0.5866499,0.5431867,0.3570573,0.350351,0.5011168,0.2105695,0.2273985,0.2240516
PI(18:0/18:1),0.186929884,0.211666447,0.252798275,0.25920347,0.412019147,0.371537485,0.303575915,0.331885457,0.306157224,0.280121544,0.36877389,0.338955377,0.329924214,0.397116874,0.403510127,0.000377657,0.455001356,0.370390696,0.126341726,0.167556803,0.152762422
PI(18:0/18:0),3.12E-02,4.54E-02,4.78E-02,3.54E-02,6.10E-02,5.60E-02,3.59E-02,3.04E-02,1.70E-02,1.92E-02,2.81E-02,4.07E-02,1.43E-02,1.81E-02,4.04E-02,3.78E-04,2.50E-04,3.00E-04,1.47E-01,2.27E-02,1.63E-02
PI(16:0/22:6),8.57E-05,3.17E-02,7.72E-05,1.56E-02,3.31E-02,3.83E-02,1.52E-05,1.52E-05,2.28E-02,1.19E-05,1.76E-02,1.64E-02,6.05E-05,4.96E-05,4.27E-05,3.78E-04,2.50E-04,3.00E-04,5.79E-05,6.58E-05,9.67E-03
PI(18:1/20:4),9.81E-02,1.32E-01,1.54E-01,1.56E-01,2.19E-01,2.30E-01,1.52E-01,2.10E-01,2.12E-01,9.91E-02,1.30E-01,1.44E-01,1.54E-01,1.81E-01,2.10E-01,3.78E-04,2.50E-04,2.40E-01,5.79E-05,9.10E-02,7.33E-02
PI(18:0/20:4),0.4205922,0.5140471,0.5898626,0.6825691,0.9155981,0.8846131,0.7175431,0.7190852,0.7771683,0.4740518,0.5619412,0.5592764,0.6928408,0.7491068,0.775981,0.5767848,0.6370019,0.5991614,0.221098,0.3231453,0.3055248
PI(18:0/20:3),0.4829022,0.5140471,0.603907,0.7603302,0.9155981,0.8846131,0.9107277,0.8020565,0.7536178,0.6033387,0.6321838,0.6948585,0.7918181,0.7942337,0.7604614,0.6179838,0.5915018,0.6536306,0.2737404,0.3590503,0.315709
PI(18:0/20:2),0.127735421,0.114904643,0.154487835,0.164162197,0.203466245,0.229999396,0.21250314,0.152114168,0.174274112,0.114203399,0.138729225,0.144056035,0.153964633,0.162456903,0.225034494,0.075531348,0.136500407,0.000299581,0.076857883,0.071810059,0.08452854
PI(16:0/22:1),8.57E-05,8.32E-05,7.72E-05,4.75E-05,2.80E-05,3.24E-05,1.52E-05,1.52E-05,1.30E-05,1.03E-03,3.86E-03,9.32E-06,6.05E-05,4.96E-05,4.27E-05,3.78E-04,2.50E-04,3.00E-04,5.79E-05,6.58E-05,5.60E-05
PI(18:1/22:6),8.57E-05,8.32E-05,7.72E-05,3.20E-02,3.41E-02,1.95E-02,1.52E-05,1.52E-05,1.30E-05,1.81E-02,9.66E-06,1.69E-02,5.06E-02,4.96E-05,4.27E-05,3.78E-04,2.50E-04,1.42E-01,5.79E-05,3.11E-02,2.04E-02
PI(18:0/22:6),5.14E-02,6.20E-02,1.28E-01,6.31E-02,3.81E-02,5.60E-02,1.52E-05,6.08E-02,5.89E-02,2.37E-02,2.81E-02,2.88E-02,8.80E-02,6.41E-02,5.90E-02,1.85E-01,2.09E-01,2.02E-01,5.79E-05,2.39E-02,1.22E-02
PI(18:0/22:5),3.12E-02,4.23E-02,9.83E-02,5.88E-02,6.10E-02,4.66E-02,5.80E-02,6.08E-02,5.18E-02,4.53E-02,4.74E-02,4.07E-02,5.94E-02,6.05E-02,4.27E-05,1.30E-01,2.50E-04,3.00E-04,5.79E-05,3.71E-02,3.06E-02
PI(18:0/22:4),4.98E-02,3.33E-02,7.72E-05,3.80E-02,4.78E-02,7.08E-02,4.97E-02,5.25E-02,6.83E-02,3.23E-02,3.86E-02,3.39E-02,4.51E-02,4.42E-02,6.52E-02,3.78E-04,2.50E-04,2.56E-01,5.79E-05,2.15E-02,1.83E-02
PI(18:2/22:1),5.30E-02,8.32E-05,7.72E-05,2.33E-02,3.31E-02,3.83E-02,1.52E-05,1.52E-05,1.30E-05,4.74E-02,2.63E-02,2.54E-02,9.35E-02,7.13E-02,6.52E-02,3.78E-04,2.50E-04,3.00E-04,5.79E-05,1.91E-02,2.34E-02
PG(16:0/16:1),0.732142047,0.559404181,0.533685247,0.59616798,0.356065929,0.518972995,0.262179199,0.331885457,0.259056113,0.323217166,0.49169852,0.508433065,0.362916635,0.397116874,0.403510127,0.000377657,0.000250251,0.000299581,0.263211929,0.191493489,0.224051552
PG(16:0/16:0),8.57E-05,0.408213862,0.323020018,0.190082544,0.366239242,0.406922008,0.253899856,0.254445517,0.167208946,0.198239862,0.298531244,0.220320995,0.285934319,0.252710738,0.240554114,0.000377657,0.000250251,0.386731461,0.168455635,0.119683431,0.142578261
PG(16:1/18:2),8.57E-05,8.32E-05,7.72E-05,4.75E-05,2.80E-05,3.24E-05,1.49E-01,1.58E-01,1.37E-01,1.34E-01,2.11E-01,1.69E-01,2.53E-01,1.81E-01,1.94E-01,3.78E-04,2.50E-04,3.00E-04,5.79E-05,7.78E-02,1.12E-01
PG(16:0/18:2),1.557749,1.8142838,3.0897567,1.7280231,2.6450612,2.299994,1.4350861,1.5764559,1.1775278,1.249773,1.7385055,1.8642546,2.08952,1.9855844,2.8711297,2.3346053,2.3205069,2.723461,1.4739868,0.8856574,1.0184161
PG(16:0/18:1),1.713524,2.721426,4.634635,5.788877,3.40806,3.774349,2.069836,2.433827,1.884044,2.801215,2.107279,2.711643,3.519192,3.339392,4.811082,4.669211,4.550014,5.446922,2.000411,2.513352,1.731307
PG(16:0/18:0),4.67E-01,7.11E-01,1.18E+00,4.41E-01,1.07E+00,1.06E+00,5.24E-01,8.57E-01,3.77E-01,7.11E-01,6.32E-01,5.76E-01,1.21E+00,9.03E-01,6.05E-01,6.52E-01,5.01E-01,5.12E-01,3.90E-01,2.87E-01,4.79E-01
PG(16:0/20:4),8.57E-05,7.71E-01,7.72E-05,4.75E-05,2.80E-05,3.24E-05,1.52E-05,5.81E-01,4.95E-01,5.39E-01,5.97E-01,7.97E-01,8.69E-01,4.96E-05,1.09E+00,3.78E-04,2.50E-04,3.00E-04,5.79E-05,6.58E-05,3.87E-01
PG(16:0/20:3),4.984797,6.954755,10.111931,6.566488,7.121319,8.256389,3.587715,4.701711,3.532583,3.663128,4.916985,6.101197,7.258333,6.317768,7.527016,6.248502,6.82502,8.170383,5.053669,2.513352,3.258932
PG(18:0/18:2),17.135239,25.702354,35.110872,22.464301,27.976609,27.128134,13.798905,17.700558,12.952806,12.713209,17.560661,20.337323,21.994948,19.855844,20.175506,17.852864,18.655056,20.153611,14.739868,9.335308,11.202578
PG(18:0/18:1),7.32E+00,1.27E+01,1.40E+01,1.12E+01,1.63E+01,1.47E+01,6.35E+00,7.19E+00,6.36E+00,6.68E+00,8.08E+00,9.66E+00,6.71E+00,6.50E+00,3.80E+00,4.26E+00,3.78E+00,5.45E+00,5.79E-05,5.27E+00,6.62E+00
PG(18:1/20:4),2.025073747,2.872616063,3.932417611,2.678435852,3.509792733,3.302555424,1.29709709,1.825370015,1.389482787,1.766920506,2.107279371,2.711643013,1.759595806,1.714822864,1.862354432,0.000377657,0.000250251,1.688545818,1.368702033,1.077150878,1.629465834
PG(18:0/20:4),5.763671,9.3738,10.673705,8.035308,9.664647,9.435873,3.863693,4.701711,4.2391,5.171475,6.321838,7.626496,4.838888,4.693199,4.578288,4.394551,5.005015,4.90223,4.316676,3.111769,4.379189
PG(18:0/20:3),12.773542,18.142838,18.257653,17.280231,20.346625,17.692261,7.175431,8.573708,8.007189,10.558427,11.94125,14.236126,9.347853,8.213099,7.682212,8.239783,7.280022,8.715075,6.948795,6.103855,8.758379
PG(18:0/20:2),12.150442,19.654741,16.853218,16.41622,22.889953,17.102519,7.175431,8.297136,7.771683,10.342949,10.88761,13.049782,9.237878,8.122845,7.37182,6.797821,6.82502,7.080999,5.895947,6.343222,8.962062
PG(16:0/22:1),1.71E+00,2.27E+00,2.11E+00,1.99E+00,3.71E+00,2.48E+00,1.32E+00,1.16E+00,9.42E-01,7.54E-01,8.60E-01,9.32E-06,1.54E+00,1.08E+00,1.09E+00,3.78E-04,2.50E-04,9.80E-01,2.11E-01,1.68E+00,1.32E+00
PG(20:4/20:4),3.43E-01,8.01E-01,7.72E-05,5.79E-01,7.63E-01,7.67E-01,1.52E-05,3.60E-01,1.30E-05,4.09E-01,3.86E-01,5.25E-01,6.05E-05,4.96E-05,4.27E-05,3.78E-04,2.50E-04,3.00E-04,5.79E-05,6.58E-05,3.46E-01
PG(18:1/22:6),3.271272975,5.442851488,6.460400362,5.097668235,7.629984201,6.487162439,2.042237971,3.042283358,3.061572241,3.232171658,3.863345514,4.575897584,3.07929266,3.249138058,3.103924053,0.000377657,3.185009489,3.104745536,2.210980207,2.273985186,3.360773283
PG(18:0/22:6),2.803948265,4.082138616,4.494191556,4.233656669,6.103987361,4.187168484,1.545477384,2.184912593,2.048898346,2.370259216,3.336525671,3.220076078,2.309469495,1.985584369,1.78475633,0.000377657,1.774505287,2.015361137,1.895125892,1.795251463,2.342357137
PG(18:0/22:5),2.1808487,3.326187,2.8088697,3.1104416,3.6115259,2.7717876,1.0763146,1.604113,1.3188311,2.0685899,1.9316728,2.3726876,1.5396463,1.5343152,1.3191677,1.8539513,1.1375034,1.4706689,0.7580504,1.184866,1.7313074
PG(18:0/22:4),2.18E+00,2.87E+00,2.39E+00,2.85E+00,3.66E+00,2.48E+00,1.19E+00,1.41E+00,1.32E+00,1.98E+00,1.63E+00,2.03E+00,1.43E+00,1.35E+00,1.16E+00,8.93E-01,2.50E-04,1.74E+00,5.79E-05,1.07E+00,1.53E+00
PG(18:2/22:1),1.87E+00,2.42E+00,1.97E+00,2.51E+00,3.20E+00,2.24E+00,1.16E+00,1.33E+00,1.11E+00,1.64E+00,1.62E+00,1.86E+00,1.10E+00,1.17E+00,9.31E-01,1.17E+00,2.50E-04,1.09E+00,5.79E-05,9.57E-01,1.43E+00
PG(18:2/22:0),8.41E-01,1.22E+00,1.24E+00,9.50E-01,1.27E+00,1.00E+00,3.59E-01,6.08E-01,5.65E-01,6.90E-01,5.80E-01,7.97E-01,5.61E-01,5.32E-01,4.27E-05,3.78E-04,2.50E-04,3.00E-04,5.79E-05,4.67E-01,6.21E-01
CL(66:5),8.57E-05,8.32E-05,7.72E-05,1.64E-01,3.26E-02,4.89E-02,1.52E-05,1.52E-05,1.30E-05,1.19E-05,9.66E-06,9.32E-06,6.05E-05,4.96E-05,4.27E-05,3.78E-04,2.50E-04,3.00E-04,5.79E-05,6.58E-05,5.60E-05
CL(66:4),1.71E-01,1.66E-01,3.93E-02,1.30E+00,2.85E-01,3.66E-01,2.57E-02,9.40E-02,3.30E-02,1.19E-05,9.66E-06,9.32E-06,6.05E-05,4.96E-05,4.27E-05,3.78E-04,2.50E-04,3.00E-04,2.32E-01,1.68E-01,2.24E-01
CL(66:3),7.94E-02,5.75E-02,9.69E-03,9.50E-01,1.78E-01,1.95E-01,4.97E-03,4.15E-02,1.53E-02,1.19E-05,9.66E-06,9.32E-06,6.05E-05,4.96E-05,4.27E-05,3.78E-04,2.50E-04,3.00E-04,1.16E-01,5.98E-02,8.76E-02
CL(66:2),2.34E-02,1.33E-02,1.01E-02,4.75E-05,2.80E-05,3.24E-05,1.52E-05,1.52E-05,1.30E-05,1.19E-05,9.66E-06,9.32E-06,6.05E-05,4.96E-05,4.27E-05,3.78E-04,2.50E-04,3.00E-04,3.79E-02,6.58E-05,1.83E-03
CL(68:5),0.171352394,0.181428383,0.047750785,1.814424287,0.376412554,0.465896212,0.046916278,0.124457047,0.047101111,0.103429493,0.033365257,0.010677094,0.051688127,0.073105606,0.033367184,0.000377657,0.000250251,0.000299581,0.305325838,0.215430176,0.254604037
CL(68:4),0.825606989,0.861784819,0.154487835,6.134482113,0.915598104,0.88461306,0.215262921,0.525485307,0.155433668,0.152989459,0.040389521,0.025421653,0.043989895,0.099279218,0.0613025,0.000377657,0.000250251,0.000299581,1.473986805,0.861720702,1.222099376
CL(68:3),6.39E-03,8.32E-05,7.72E-05,7.17E-02,5.09E-02,2.12E-03,1.52E-05,1.52E-05,1.30E-05,4.09E-02,8.25E-03,2.03E-03,5.61E-02,6.41E-02,2.25E-02,3.78E-04,2.50E-04,3.00E-04,5.79E-05,6.58E-05,5.60E-05
CL(68:2),8.57E-05,8.32E-05,7.72E-05,4.75E-01,4.83E-02,4.25E-02,1.52E-05,1.52E-05,1.30E-05,1.19E-05,9.66E-06,9.32E-06,6.05E-05,4.96E-05,4.27E-05,3.78E-04,2.50E-04,3.00E-04,5.79E-05,6.58E-05,5.60E-05
CL(70:6),1.40E-01,1.48E-01,3.37E-02,1.38E+00,2.95E-01,3.60E-01,4.42E-02,1.27E-01,3.30E-02,1.19E-05,9.66E-06,9.32E-06,6.05E-05,4.96E-05,4.27E-05,3.78E-04,2.50E-04,3.00E-04,2.74E-01,1.44E-01,2.44E-01
CL(70:5),0.669832085,0.695475468,0.112354789,6.220883269,0.966464666,1.002561468,0.187665111,0.442513943,0.14365839,0.127132085,0.036877389,0.025421653,0.06708459,0.144406136,0.059750538,0.000377657,0.000250251,0.000299581,1.263417261,0.765973958,0.967495339
CL(70:4),1.074846835,1.058332234,0.168532183,7.257697148,0.915598104,0.88461306,0.303575915,0.691428036,0.176629168,0.157299021,0.047413786,0.025421653,0.040690653,0.126355369,0.065958386,0.000377657,0.000250251,0.000299581,2.210980207,1.184865966,1.32394099
CL(70:3),8.57E-05,8.32E-05,7.72E-05,4.75E-05,2.80E-05,3.24E-05,1.52E-05,1.52E-05,1.30E-05,7.11E-03,3.16E-03,9.32E-06,4.62E-02,4.87E-02,6.98E-03,3.78E-04,2.50E-04,3.00E-04,5.79E-05,6.58E-05,5.60E-05
CL(72:7),1.26E-01,1.35E-01,2.53E-02,9.50E-01,2.03E-01,2.24E-01,3.86E-02,9.13E-02,1.98E-02,1.19E-05,9.66E-06,9.32E-06,6.05E-05,4.96E-05,4.27E-05,3.78E-04,2.50E-04,3.00E-04,2.11E-01,1.32E-01,1.73E-01
CL(72:6),2.49E-01,2.72E-01,4.07E-02,2.42E+00,4.83E-01,5.01E-01,6.07E-02,1.83E-01,4.71E-02,1.19E-05,9.66E-06,9.32E-06,6.05E-05,4.96E-05,4.27E-05,3.78E-04,2.50E-04,3.00E-04,4.74E-01,2.87E-01,3.46E-01
CL(72:5),4.52E-01,4.38E-01,6.74E-02,4.49E+00,6.61E-01,6.49E-01,1.49E-01,3.32E-01,8.71E-02,1.19E-05,9.66E-06,9.32E-06,6.05E-05,4.96E-05,4.27E-05,3.78E-04,2.50E-04,3.00E-04,9.37E-01,5.15E-01,6.11E-01
CL(72:4),3.58E-01,4.08E-01,7.72E-05,3.46E+00,4.37E-01,3.95E-01,1.05E-01,2.52E-01,4.47E-02,1.19E-05,9.66E-06,9.32E-06,6.05E-05,4.96E-05,4.27E-05,3.78E-04,2.50E-04,3.00E-04,7.48E-01,3.83E-01,4.07E-01
PC(P16:0/20:4),7.165646,10.432132,8.426609,8.640116,10.173312,10.025615,5.79554,5.254853,4.710111,5.171475,7.199871,4.914853,6.26856,7.491068,5.431867,8.926432,8.645026,6.536306,3.895537,5.026704,4.175506
PC(O36:4),5.45E-02,8.32E-05,1.07E+00,4.75E-05,2.80E-05,3.24E-05,4.14E+00,4.70E-01,3.53E-01,1.19E-05,2.81E-01,4.75E-01,5.72E-01,5.69E-01,1.01E+00,3.78E-04,2.50E-04,2.12E+00,5.79E-05,6.58E-05,7.74E-02
PC(O36:3),1.713523939,1.814283829,2.808869722,1.9872266,1.678596524,2.299993956,3.863693459,1.521141679,1.766291678,0.81881682,1.931672757,1.677829114,2.199494757,2.617361213,2.095148736,0.000377657,0.000250251,2.777930216,1.263417261,0.909594075,1.018416147
PC(O36:2),4.829022,0.7408326,7.7243917,6.048081,6.612653,7.0769045,4.6916278,5.5314243,6.35865,0.3878606,4.2145587,3.3895538,7.2583327,9.9279218,8.5357911,10.986378,10.9200325,8.7150752,3.7902518,3.8298698,3.7681397
PC(O38:5),2.80E+00,3.63E+00,4.49E+00,3.28E+00,3.46E+00,3.83E+00,6.90E+00,2.71E+00,2.31E+00,1.19E-05,3.51E+00,2.20E+00,2.75E+00,4.33E+00,3.88E+00,3.78E-04,2.50E-04,3.00E-04,5.79E-05,1.80E+00,2.14E+00
PE(O32:0),11.215793,13.455938,18.257653,7.344098,9.155981,8.256389,3.311737,6.361138,4.2391,5.386953,7.199871,6.270674,12.097221,11.732999,10.087753,25.405999,24.570073,32.13684,2.947974,6.343222,6.212338
PE(O36:5),7.94452,8.769039,8.286166,6.307284,7.121319,6.487162,13.522927,16.870844,14.83685,7.757212,10.009577,10.338139,14.296716,13.538075,20.175506,17.852864,22.295066,15.796074,8.738636,6.702272,7.128913
PE(O36:4),7.165646,8.920229,9.550157,5.529674,6.612653,5.602549,12.970971,13.828561,12.952806,7.757212,8.604724,9.151795,13.196969,11.732999,16.295601,13.046324,14.560043,13.617305,8.633351,6.103855,6.823388
PE(O36:3),7.009871,8.164277,8.707496,4.665662,5.086656,4.894859,11.867058,14.381703,14.130333,7.110778,7.902298,8.982317,12.097221,12.635537,16.295601,10.986378,16.380049,14.161997,7.580504,5.625121,7.027071
PE(O36:2),9.658044,10.734513,10.111931,4.406459,5.595322,5.425627,19.042489,20.189699,16.720895,9.911993,11.590037,12.202394,15.396463,16.24569,20.175506,15.10627,21.385064,15.796074,9.896769,6.343222,9.267587
PE(O36:1),3.582823,3.174997,3.791974,1.555221,1.983796,1.533329,3.863693,4.148568,4.474606,2.370259,3.863346,3.389554,4.508964,3.5199,3.103924,1.853951,1.365004,3.104746,3.158543,2.513352,3.564457
PE(O38:5),14.48707,18.14284,18.25765,17.28023,19.32929,15.92304,22.07825,30.42283,25.90561,14.43703,19.31673,18.64255,24.19444,24.36854,25.60737,17.16622,24.57007,20.6983,17.89841,14.36201,15.27624
PE(O38:3),8.25607,9.978561,16.853218,9.504127,12.207975,10.025615,11.867058,13.275418,13.188311,10.558427,11.41443,11.524483,16.496211,15.343152,13.967658,26.092648,26.390079,28.323994,9.475629,7.181006,10.184161
PE(O38:2),6.386771,7.257135,5.477296,3.888052,4.527124,4.717936,10.763146,9.956564,8.4782,6.464343,6.848658,7.118063,7.698232,6.498276,6.207848,3.158584,4.550014,3.159215,6.106517,5.385754,5.804972
PE(O38:1),2.18084865,2.570235425,1.685321833,1.72802313,2.187262138,1.533329304,1.462683953,1.410513193,1.460134454,1.810016128,2.107279371,1.677829114,1.759595806,1.173299854,1.16397152,0.473787549,0.000250251,0.817038299,1.052847718,1.43620117,2.036832293
HexCer(d18:1/16:0),6.85E-01,2.72E-01,1.54E-01,5.36E-01,2.70E-01,1.30E-01,9.38E-01,3.87E-01,2.36E-01,6.90E-01,5.97E-01,2.71E-01,3.63E-01,2.89E-01,1.16E-01,6.18E-01,2.46E-01,2.83E-01,7.79E-01,6.10E-01,2.85E-01
HexCer(d18:1/18:0),3.89E-02,2.57E-02,3.37E-03,3.02E-02,2.59E-02,3.30E-03,4.14E-02,2.05E-02,9.66E-03,3.66E-02,2.46E-02,1.24E-02,1.76E-02,1.53E-02,3.49E-03,6.25E-02,9.56E-03,4.09E-03,4.53E-02,3.95E-02,1.63E-02
HexCer(d18:1/20:0),3.12E-02,1.47E-02,7.02E-03,2.59E-02,1.53E-02,2.12E-03,4.14E-02,2.07E-02,8.24E-03,3.02E-02,2.63E-02,9.15E-03,2.75E-02,1.62E-02,3.18E-03,3.85E-02,2.87E-02,1.31E-02,3.58E-02,2.27E-02,7.64E-03
HexCer(d18:1/22:0),4.98E-01,9.52E-02,1.97E-02,3.97E-01,8.65E-02,2.01E-02,7.18E-01,1.19E-01,6.36E-02,4.53E-01,2.11E-01,7.12E-02,2.42E-01,6.77E-02,1.40E-02,3.30E-01,5.92E-02,2.18E-02,6.21E-01,2.27E-01,4.18E-02
HexCer(d18:1/24:1),5.30E-01,7.26E-02,1.07E-02,4.15E-01,9.66E-02,1.06E-02,6.35E-01,9.68E-02,4.47E-02,3.88E-01,1.42E-01,4.58E-02,2.42E-01,3.79E-02,1.47E-02,2.75E-01,2.00E-02,2.18E-02,5.37E-01,1.44E-01,2.24E-02
HexCer(d18:1/24:0),1.11E+00,1.04E-01,7.30E-03,8.64E-01,1.17E-01,2.30E-02,1.44E+00,1.66E-01,6.83E-02,8.83E-01,2.11E-01,7.80E-02,5.28E-01,7.94E-02,2.02E-02,5.63E-01,4.37E-02,2.18E-02,1.26E+00,2.51E-01,3.56E-02
HexCer(d18:1/26:1),1.07E-02,3.48E-03,9.83E-04,9.50E-03,1.37E-03,3.72E-04,1.13E-02,4.98E-03,2.31E-04,5.17E-03,1.04E-03,9.49E-04,3.52E-03,1.53E-03,4.27E-05,1.99E-03,2.50E-04,3.00E-04,1.03E-02,3.35E-03,4.58E-04
HexCer(d18:1/26:0),9.19E-03,3.33E-03,4.63E-04,6.65E-03,6.61E-04,3.24E-05,9.94E-03,2.05E-03,7.07E-04,7.76E-03,9.66E-06,1.53E-04,6.27E-03,1.44E-03,3.49E-04,4.26E-03,3.91E-03,9.26E-04,1.00E-02,3.11E-03,3.16E-04
HexCer(d18:0/16:0),1.18E-02,5.75E-03,2.53E-03,8.64E-03,5.60E-03,5.54E-03,1.19E-02,6.64E-03,5.89E-03,9.70E-03,1.05E-02,5.42E-03,5.28E-03,3.61E-03,2.33E-03,1.44E-02,5.46E-03,5.39E-03,1.26E-02,1.05E-02,1.12E-02
HexCer(d18:0/18:0),8.72E-04,6.65E-04,1.10E-03,4.58E-04,7.12E-04,4.66E-04,1.19E-03,3.87E-04,7.77E-04,6.46E-04,4.04E-04,4.24E-04,6.05E-05,5.78E-04,1.55E-03,4.39E-03,2.50E-04,3.00E-04,8.11E-04,6.58E-05,2.04E-03
HexCer(d18:0/20:0),1.28E-03,3.48E-04,1.10E-03,3.97E-04,1.88E-04,3.24E-05,6.62E-04,1.52E-05,1.27E-04,3.23E-04,3.16E-04,4.24E-04,8.14E-04,4.96E-05,4.27E-05,4.19E-03,4.14E-03,1.09E-03,3.90E-04,4.43E-04,1.83E-04
HexCer(d18:0/22:0),1.54E-03,8.32E-05,4.78E-04,8.55E-04,1.07E-03,3.24E-05,2.04E-03,3.87E-04,1.44E-03,2.15E-03,1.40E-03,2.37E-03,8.47E-04,5.14E-04,4.27E-05,3.78E-04,3.59E-03,3.00E-04,2.84E-03,1.17E-03,9.17E-04
HexCer(d18:0/24:1),2.34E-03,8.92E-04,7.72E-05,3.28E-03,3.36E-04,8.85E-04,3.86E-03,1.11E-03,2.26E-03,2.37E-03,1.02E-03,1.69E-03,1.76E-03,4.96E-05,3.96E-04,3.78E-04,2.50E-04,3.00E-04,2.84E-03,1.32E-03,5.40E-04
HexCer(d18:0/24:0),2.18E-03,3.48E-04,7.72E-05,8.55E-04,5.60E-04,1.36E-03,4.97E-03,8.30E-04,1.48E-03,1.14E-03,5.97E-04,1.69E-03,3.30E-03,5.14E-04,3.96E-04,1.51E-03,2.50E-04,3.00E-04,4.53E-03,3.59E-04,3.67E-04
HexCer(d18:0/26:1),3.58E-04,3.02E-04,7.72E-05,4.75E-05,1.93E-04,3.24E-05,1.41E-04,2.41E-04,1.30E-04,1.19E-05,1.07E-04,9.32E-06,6.05E-05,5.78E-04,4.27E-05,1.51E-03,2.50E-04,3.00E-04,1.47E-04,1.56E-04,5.60E-05
HexCer(d18:0/26:0),2.03E-04,8.32E-05,7.72E-05,4.75E-05,2.80E-05,3.24E-05,1.52E-05,2.46E-04,1.30E-05,2.11E-04,1.02E-04,9.32E-06,6.05E-05,5.14E-04,4.27E-05,3.78E-04,1.32E-03,3.00E-04,5.79E-05,1.32E-04,7.33E-04
SM(d18:1/16:0),3.58E+01,1.22E+01,7.30E+00,1.90E+01,9.66E+00,7.67E+00,4.42E+01,2.38E+01,1.93E+01,4.96E+01,3.16E+01,2.37E+01,1.87E+01,9.93E+00,6.13E+00,3.43E+01,9.56E+00,7.08E+00,6.00E+01,3.95E+01,2.44E+01
SM(d18:1/18:0),1.56E+00,5.44E-01,4.07E-01,8.12E-01,3.71E-01,2.71E-01,1.79E+00,8.30E-01,5.89E-01,2.00E+00,1.02E+00,1.00E+00,8.47E-01,4.15E-01,1.47E-01,1.65E+00,4.55E-01,4.09E-01,2.53E+00,1.44E+00,5.50E-01
SM(d18:1/20:0),5.61E-01,1.47E-01,2.25E-01,3.11E-01,1.17E-01,3.66E-02,6.62E-01,3.04E-01,1.72E-01,7.33E-01,2.46E-01,1.69E-01,3.19E-01,1.26E-01,5.82E-02,5.49E-01,1.23E-01,1.69E-01,9.90E-01,3.47E-01,1.83E-01
SM(d18:1/22:0),4.83E+00,7.86E-01,2.67E-01,2.68E+00,6.10E-01,1.18E-01,5.52E+00,1.49E+00,9.89E-01,6.25E+00,1.51E+00,1.02E+00,2.75E+00,7.31E-01,4.35E-01,4.81E+00,6.37E-01,5.45E-01,8.63E+00,2.39E+00,8.66E-01
SM(d18:1/24:1),1.87E+01,2.72E+00,3.65E-01,1.04E+01,2.39E+00,8.26E-01,2.26E+01,6.36E+00,4.00E+00,2.59E+01,6.67E+00,3.90E+00,1.10E+01,2.44E+00,1.24E+00,1.99E+01,2.64E+00,1.47E+00,3.37E+01,9.93E+00,2.24E+00
SM(d18:1/24:0),1.37E+01,1.81E+00,3.09E-01,7.52E+00,1.27E+00,2.83E-01,1.57E+01,3.32E+00,2.12E+00,1.79E+01,3.51E+00,2.37E+00,8.47E+00,1.44E+00,5.90E-01,1.37E+01,1.73E+00,9.80E-01,2.53E+01,5.15E+00,1.02E+00
SM(d18:1/26:1),2.18E-01,1.66E-02,2.11E-02,1.21E-01,1.78E-02,3.24E-05,2.62E-01,5.25E-02,3.06E-02,3.02E-01,8.08E-02,6.44E-02,1.21E-01,3.34E-02,4.27E-05,2.13E-01,2.14E-02,3.00E-04,4.00E-01,8.38E-02,5.91E-03
SM(d18:1/26:0),8.57E-02,4.08E-02,1.69E-02,4.41E-02,4.02E-02,3.24E-05,1.02E-01,4.15E-02,1.48E-02,1.19E-01,3.34E-02,2.37E-02,6.27E-02,8.57E-02,3.72E-02,1.10E-01,1.05E-01,6.54E-02,1.68E-01,2.15E-02,5.60E-05
SM(d18:0/16:0),3.12E+00,2.42E+00,1.97E+00,2.33E+00,1.27E+00,2.06E+00,3.59E+00,2.57E+00,4.24E+00,4.53E+00,2.81E+00,5.59E+00,2.53E+00,2.44E+00,2.10E+00,7.55E+00,4.23E+00,5.99E+00,4.74E+00,2.99E+00,5.60E+00
SM(d18:0/18:0),1.07E-01,7.56E-02,5.76E-02,1.38E-01,4.22E-02,1.00E-01,2.21E-01,7.47E-02,1.95E-01,2.11E-01,6.15E-02,3.39E-01,5.17E-02,1.08E-01,6.44E-02,2.40E-01,2.18E-01,2.02E-01,2.53E-01,1.91E-01,2.14E-01
SM(d18:0/20:0),1.40E-01,1.81E-02,7.72E-05,1.12E-01,7.12E-02,2.18E-02,1.08E-01,8.85E-02,8.95E-02,1.55E-01,1.30E-01,1.69E-01,6.05E-02,2.44E-02,1.86E-01,6.80E-02,5.01E-02,3.00E-04,2.11E-01,1.68E-01,9.57E-02
SM(d18:0/22:0),8.72E-02,6.20E-02,7.72E-05,4.84E-02,2.80E-05,5.43E-02,1.02E-01,1.47E-01,1.93E-01,1.53E-01,1.40E-01,2.88E-01,1.76E-02,4.96E-05,4.11E-02,2.47E-01,1.55E-01,3.54E-02,1.26E-01,1.32E-01,2.24E-01
SM(d18:0/24:1),9.03E-01,2.27E-01,2.81E-01,5.36E-01,1.88E-01,5.19E-01,1.63E+00,6.64E-01,1.91E+00,1.57E+00,6.67E-01,2.37E+00,5.72E-01,3.16E-01,6.36E-01,1.17E+00,1.18E-01,1.25E+00,2.00E+00,9.45E-01,7.54E-01
SM(d18:0/24:0),1.26E-01,1.81E-02,5.76E-02,4.49E-02,4.93E-02,5.07E-02,2.26E-01,5.25E-02,1.58E-01,1.64E-01,3.86E-02,3.73E-01,6.38E-02,2.44E-02,2.02E-01,4.19E-01,2.50E-04,2.02E-01,1.79E-01,8.50E-02,1.83E-01
SM(d18:0/26:1),1.87E-02,8.32E-05,2.81E-02,9.50E-03,2.80E-05,1.36E-02,7.45E-03,1.52E-05,4.47E-03,2.07E-02,1.28E-02,2.54E-02,9.02E-02,4.96E-05,4.27E-05,3.78E-04,9.56E-02,1.09E-01,4.32E-02,6.70E-03,6.93E-02
SM(d18:0/26:0),1.20E-02,1.39E-02,2.81E-02,6.39E-03,2.09E-02,1.18E-01,1.46E-02,1.52E-05,2.05E-02,1.10E-02,6.85E-03,3.22E-02,1.65E-02,4.96E-05,4.27E-05,3.78E-04,2.50E-04,1.63E-01,3.16E-02,6.70E-03,5.60E-05
cholesterol,249.23985,181.42838,154.48783,155.52208,111.90643,129.74325,303.57591,259.97694,282.60667,344.76498,316.09191,338.95538,153.96463,117.32999,108.63734,116.73027,43.22513,70.80999,326.38279,454.79704,448.1031
desmosterol,1.32E+00,1.29E+00,1.10E+00,9.50E-01,8.65E-01,8.26E-01,1.82E+00,2.10E+00,2.10E+00,1.85E+00,2.28E+00,2.03E+00,8.14E-01,8.84E-01,6.67E-01,4.26E-01,3.09E-01,4.63E-01,1.58E+00,2.75E+00,2.75E+00
lanosterol,6.54E-02,6.35E-02,5.34E-02,1.30E-01,5.60E-02,6.49E-02,1.19E-01,4.43E-02,8.48E-02,9.05E-02,5.62E-02,5.42E-02,6.05E-05,4.96E-05,4.27E-05,3.78E-04,2.50E-04,3.00E-04,1.47E-01,1.32E-01,1.22E-01
7-dehydro-cholesterol,6.85E-01,8.32E-05,3.51E-01,4.75E-05,4.88E-01,1.95E-01,4.42E-01,5.53E-01,6.12E-01,4.74E-01,5.62E-01,3.90E-01,6.05E-05,4.78E-01,2.72E-01,3.78E-04,2.50E-04,3.00E-04,4.74E-01,1.08E+00,5.60E-05
22R-hydroxy-cholesterol,9.19E-02,8.32E-05,7.72E-05,4.75E-05,2.80E-05,3.24E-05,1.52E-05,1.52E-05,1.30E-05,1.27E-01,9.66E-06,9.32E-06,6.05E-05,4.96E-05,5.66E-01,3.78E-04,2.50E-04,3.00E-04,5.79E-05,6.58E-05,5.60E-05
25-hydroxy-cholesterol,4.21E-02,3.48E-02,7.72E-05,5.53E-02,2.09E-02,3.66E-02,1.41E-02,2.13E-02,3.06E-02,2.11E-02,1.19E-02,9.32E-06,6.05E-05,4.96E-05,4.27E-05,3.78E-04,2.50E-04,3.00E-04,2.53E-02,6.58E-05,6.31E-02
27-hydroxy-cholesterol,6.70E-02,8.92E-02,1.54E-01,1.04E-01,7.12E-02,1.30E-01,3.59E-02,2.63E-02,7.30E-02,2.15E-02,2.99E-02,6.27E-02,6.05E-05,4.96E-05,4.35E-02,3.78E-04,2.50E-04,3.00E-04,1.58E-01,1.91E-01,2.65E-01
4b-hydroxy-cholesterol,2.49E-02,2.57E-02,3.09E-02,1.73E-02,1.12E-02,1.18E-02,2.26E-02,2.54E-02,1.44E-02,1.92E-02,1.93E-02,1.59E-02,2.09E-02,1.08E-02,2.17E-02,3.78E-04,2.50E-04,3.00E-04,3.26E-02,5.03E-02,8.05E-02
6a-hydroxy-cholestanol,0.85676197,1.14904643,1.96620881,1.03681388,0.96646467,0.70769045,0.68994526,0.71908516,0.56521334,0.40940841,0.4565772,0.45758976,2.08952002,1.53431519,1.70715823,1.92261614,1.50150447,1.68854582,2.21098021,2.63303548,2.54604037
7-oxo-cholesterol,6.54E-01,4.84E-01,2.81E-01,4.41E-01,3.36E-01,2.12E-01,3.04E-01,3.04E-01,2.31E-01,3.45E-01,2.81E-01,2.20E-01,2.97E-01,1.81E-01,3.34E-01,1.72E-01,1.05E-01,1.03E-01,3.90E-01,5.51E-01,4.38E-01
7a-hydroxy-cholesterol,8.72E-02,1.66E-01,5.62E-02,5.10E-02,4.43E-02,1.65E-02,2.01E-02,3.87E-02,2.26E-02,3.23E-02,2.81E-02,8.47E-02,6.05E-05,2.35E-02,7.76E-02,3.78E-04,2.50E-04,3.00E-04,5.26E-02,9.34E-02,8.05E-02
cholestenone,4.98E-02,4.69E-02,4.92E-02,3.80E-02,3.15E-02,2.95E-02,3.86E-02,3.60E-02,2.83E-02,3.02E-02,1.93E-02,2.20E-02,3.52E-02,3.07E-02,3.18E-02,3.78E-04,2.50E-04,3.00E-04,6.21E-02,5.63E-02,4.28E-02
