"FA_summed","prod_fraction","nr_of_FAs","FAs"
"34:1",0.074860123306122,2,"16:0|18:1"
"32:0",0.037430061653061,2,"16:0|16:0"
"36:2",0.037430061653061,2,"18:1|18:1"
"34:0",0.0374300614595925,2,"16:0|18:0"
"36:4",0.0374300614595925,2,"16:0|20:4"
"36:1",0.0374300614595925,2,"18:0|18:1"
"38:5",0.0374300614595925,2,"18:1|20:4"
"40:6",0.0280725463848971,2,"18:1|22:5"
"32:1",0.0187150309232648,2,"16:0|16:1"
"34:2",0.0187150309232648,2,"16:0|18:2"
"34:2",0.0187150309232648,2,"16:1|18:1"
"36:3",0.0187150309232648,2,"18:1|18:2"
"38:4",0.018715030633062,2,"18:0|20:4"
"36:5",0.0168435276761635,2,"16:0|20:5"
"38:6",0.0168435276761635,2,"16:0|22:6"
"38:6",0.0168435276761635,2,"18:1|20:5"
"40:7",0.0168435276761635,2,"18:1|22:6"
"40:5",0.0140362731198979,2,"18:0|22:5"
"42:9",0.0140362731198979,2,"20:4|22:5"
"30:0",0.0112290187087337,2,"14:0|16:0"
"36:0",0.00935751546163238,2,"16:0|20:0"
"38:1",0.00935751546163238,2,"18:1|20:0"
"40:8",0.009357515316531,2,"20:4|20:4"
"40:9",0.00842176379455132,2,"20:4|20:5"
"42:10",0.00842176379455132,2,"20:4|22:6"
"44:11",0.00631632291120911,2,"22:5|22:6"
"34:4",0.00561450932534655,2,"14:0|20:4"
"44:10",0.00526360247437472,2,"22:5|22:5"
"34:3",0.00467875775499975,2,"16:1|18:2"
"38:0",0.00467875770663263,2,"18:0|20:0"
"40:4",0.00467875770663263,2,"20:0|20:4"
"36:6",0.00421088194080608,2,"16:1|20:5"
"38:7",0.00421088194080608,2,"16:1|22:6"
"38:7",0.00421088194080608,2,"18:2|20:5"
"42:11",0.00378979371190114,2,"20:5|22:6"
"38:2",0.00374300649420256,2,"16:0|22:2"
"38:3",0.00374300649420256,2,"16:0|22:3"
"38:2",0.00374300649420256,2,"18:1|20:1"
"40:1",0.00374300649420256,2,"18:1|22:0"
"40:2",0.00374300649420256,2,"18:1|22:1"
"40:3",0.00374300649420256,2,"18:1|22:2"
"42:5",0.00350906831624981,2,"20:0|22:5"
"30:1",0.00280725469169355,2,"14:0|16:1"
"32:2",0.00280725469169355,2,"14:0|18:2"
"34:5",0.00252652919930798,2,"14:0|20:5"
"42:6",0.00210544097040304,2,"20:0|22:6"
"40:10",0.00189489685595057,2,"20:5|20:5"
"44:12",0.00189489685595057,2,"22:6|22:6"
"40:0",0.00187150323742785,2,"18:0|22:0"
"42:4",0.00187150323742785,2,"20:4|22:0"
"42:7",0.00187150323742785,2,"20:4|22:3"
"42:8",0.00187150323742785,2,"20:4|22:4"
"42:0",0.00187150286016427,2,"16:0|26:0"
"42:1",0.00187150286016427,2,"18:1|24:0"
"44:1",0.00187150286016427,2,"18:1|26:0"
"44:6",0.00187150286016427,2,"18:1|26:5"
"44:7",0.00187150286016427,2,"18:1|26:6"
"28:0",0.00140737037371925,2,"12:0|16:0"
"44:5",0.00140362744258103,2,"22:0|22:5"
"44:8",0.00140362744258103,2,"22:3|22:5"
"44:9",0.00140362744258103,2,"22:4|22:5"
"44:0",0.000935751425245424,2,"18:0|26:0"
"44:4",0.000935751425245424,2,"20:4|24:0"
"46:4",0.000935751425245424,2,"20:4|26:0"
"46:9",0.000935751425245424,2,"20:4|26:5"
"46:10",0.000935751425245424,2,"20:4|26:6"
"38:8",0.000842176457809876,2,"18:3|20:5"
"32:4",0.000703685183222416,2,"12:0|20:4"
"46:5",0.000701813576189136,2,"22:5|24:0"
"46:11",0.000701813576189136,2,"22:5|24:6"
"48:5",0.000701813576189136,2,"22:5|26:0"
"48:10",0.000701813576189136,2,"22:5|26:5"
"48:11",0.000701813576189136,2,"22:5|26:6"
"32:3",0.000561450984771152,2,"14:0|18:3"
"42:2",0.000467875814193676,2,"20:0|22:2"
"42:3",0.000467875814193676,2,"20:0|22:3"
"44:2",0.000467875717459424,2,"18:2|26:0"
"46:6",0.000421088141844112,2,"22:6|24:0"
"46:12",0.000421088141844112,2,"22:6|24:6"
"48:6",0.000421088141844112,2,"22:6|26:0"
"48:12",0.000421088141844112,2,"22:6|26:6"
"28:1",0.000351842595248416,2,"12:0|16:1"
"30:2",0.000351842595248416,2,"12:0|18:2"
"32:5",0.000316658332813808,2,"12:0|20:5"
"34:6",0.000316658332813808,2,"12:0|22:6"
"46:0",0.000233937858729712,2,"20:0|26:0"
"26:0",0.000211105560058816,2,"12:0|14:0"
"44:3",0.000187150341154952,2,"22:0|22:3"
"44:3",0.000187150341154952,2,"22:1|22:2"
"46:1",9.3575151230624e-05,2,"20:1|26:0"
"46:7",9.3575151230624e-05,2,"20:1|26:6"
"46:3",9.3575151230624e-05,2,"20:3|26:0"
"46:8",9.3575151230624e-05,2,"20:3|26:5"
"48:0",9.3575151230624e-05,2,"22:0|26:0"
"46:1",9.3575151230624e-05,2,"22:1|24:0"
"46:7",9.3575151230624e-05,2,"22:1|24:6"
"48:1",9.3575151230624e-05,2,"22:1|26:0"
"48:7",9.3575151230624e-05,2,"22:1|26:6"
"46:2",9.3575151230624e-05,2,"22:2|24:0"
"46:7",9.3575151230624e-05,2,"22:2|24:5"
"46:8",9.3575151230624e-05,2,"22:2|24:6"
"48:2",9.3575151230624e-05,2,"22:2|26:0"
"48:7",9.3575151230624e-05,2,"22:2|26:5"
"48:8",9.3575151230624e-05,2,"22:2|26:6"
"46:3",9.3575151230624e-05,2,"22:3|24:0"
"46:8",9.3575151230624e-05,2,"22:3|24:5"
"48:3",9.3575151230624e-05,2,"22:3|26:0"
"48:8",9.3575151230624e-05,2,"22:3|26:5"
"48:9",9.3575151230624e-05,2,"22:3|26:6"
"48:4",9.3575151230624e-05,2,"22:4|26:0"
"48:9",9.3575151230624e-05,2,"22:4|26:5"
"30:3",7.0368524869216e-05,2,"12:0|18:3"
"50:0",4.6787565941888e-05,2,"24:0|26:0"
"50:5",4.6787565941888e-05,2,"24:0|26:5"
"50:6",4.6787565941888e-05,2,"24:0|26:6"
"50:5",4.6787565941888e-05,2,"24:5|26:0"
"50:10",4.6787565941888e-05,2,"24:5|26:5"
"50:11",4.6787565941888e-05,2,"24:5|26:6"
"50:6",4.6787565941888e-05,2,"24:6|26:0"
"50:11",4.6787565941888e-05,2,"24:6|26:5"
"50:12",4.6787565941888e-05,2,"24:6|26:6"
"52:5",4.6787565941888e-05,2,"26:0|26:5"
"52:6",4.6787565941888e-05,2,"26:0|26:6"
"52:11",4.6787565941888e-05,2,"26:5|26:6"
"52:0",2.3393782970944e-05,2,"26:0|26:0"
"52:10",2.3393782970944e-05,2,"26:5|26:5"
"52:12",2.3393782970944e-05,2,"26:6|26:6"
"24:0",1.3229282035264e-05,2,"12:0|12:0"
"50:1",0,2,"24:0|26:1"
"50:2",0,2,"24:0|26:2"
"50:3",0,2,"24:0|26:3"
"50:4",0,2,"24:0|26:4"
"50:1",0,2,"24:1|26:0"
"50:2",0,2,"24:1|26:1"
"50:3",0,2,"24:1|26:2"
"50:4",0,2,"24:1|26:3"
"50:7",0,2,"24:1|26:6"
"50:2",0,2,"24:2|26:0"
"50:3",0,2,"24:2|26:1"
"50:4",0,2,"24:2|26:2"
"50:7",0,2,"24:2|26:5"
"50:8",0,2,"24:2|26:6"
"50:3",0,2,"24:3|26:0"
"50:4",0,2,"24:3|26:1"
"50:7",0,2,"24:3|26:4"
"50:8",0,2,"24:3|26:5"
"50:9",0,2,"24:3|26:6"
"50:4",0,2,"24:4|26:0"
"50:7",0,2,"24:4|26:3"
"50:8",0,2,"24:4|26:4"
"50:9",0,2,"24:4|26:5"
"50:7",0,2,"24:5|26:2"
"50:8",0,2,"24:5|26:3"
"50:9",0,2,"24:5|26:4"
"50:7",0,2,"24:6|26:1"
"50:8",0,2,"24:6|26:2"
"50:9",0,2,"24:6|26:3"
"52:1",0,2,"26:0|26:1"
"52:2",0,2,"26:0|26:2"
"52:3",0,2,"26:0|26:3"
"52:4",0,2,"26:0|26:4"
"52:2",0,2,"26:1|26:1"
"52:3",0,2,"26:1|26:2"
"52:4",0,2,"26:1|26:3"
"52:7",0,2,"26:1|26:6"
"52:4",0,2,"26:2|26:2"
"52:7",0,2,"26:2|26:5"
"52:8",0,2,"26:2|26:6"
"52:7",0,2,"26:3|26:4"
"52:8",0,2,"26:3|26:5"
"52:9",0,2,"26:3|26:6"
"52:8",0,2,"26:4|26:4"
"52:9",0,2,"26:4|26:5"
"50:1",0.0217246139856463,3,"16:0|16:0|18:1"
"52:2",0.0217246139856463,3,"16:0|18:1|18:1"
"52:1",0.0217246138733561,3,"16:0|18:0|18:1"
"54:5",0.0217246138733561,3,"16:0|18:1|20:4"
"56:6",0.0162934605734523,3,"16:0|18:1|22:5"
"50:2",0.0108623070489682,3,"16:0|16:1|18:1"
"52:3",0.0108623070489682,3,"16:0|18:1|18:2"
"50:0",0.010862306936678,3,"16:0|16:0|18:0"
"52:4",0.010862306936678,3,"16:0|16:0|20:4"
"54:2",0.010862306936678,3,"18:0|18:1|18:1"
"54:4",0.0108623068805329,3,"16:0|18:0|20:4"
"56:5",0.0108623068805329,3,"18:0|18:1|20:4"
"54:6",0.00977607625423925,3,"16:0|18:1|20:5"
"56:7",0.00977607625423925,3,"16:0|18:1|22:6"
"58:7",0.00814673028672617,3,"18:1|18:1|22:5"
"58:9",0.00814673024461735,3,"16:0|20:4|22:5"
"58:6",0.00814673024461735,3,"18:0|18:1|22:5"
"60:10",0.00814673024461735,3,"18:1|20:4|22:5"
"48:0",0.00724153799521542,3,"16:0|16:0|16:0"
"54:3",0.00724153799521542,3,"18:1|18:1|18:1"
"48:1",0.00651738431921308,3,"14:0|16:0|18:1"
"54:1",0.00543115352448411,3,"16:0|18:1|20:0"
"52:5",0.00543115349641156,3,"16:0|16:1|20:4"
"52:0",0.00543115344026647,3,"16:0|18:0|18:0"
"56:8",0.00543115344026647,3,"16:0|20:4|20:4"
"58:8",0.00488803812711963,3,"18:1|18:1|22:6"
"56:9",0.00488803810185433,3,"16:0|20:4|20:5"
"58:10",0.00488803810185433,3,"16:0|20:4|22:6"
"58:10",0.00488803810185433,3,"18:1|20:4|20:5"
"60:11",0.00488803810185433,3,"18:1|20:4|22:6"
"60:9",0.00407336510125426,3,"18:0|20:4|22:5"
"62:12",0.00366602861428869,3,"18:1|22:5|22:6"
"46:0",0.00325869215960654,3,"14:0|16:0|16:0"
"50:4",0.00325869214276301,3,"14:0|16:0|20:4"
"62:11",0.00305502387331312,3,"18:1|22:5|22:5"
"50:3",0.00271557677627833,3,"16:0|16:1|18:2"
"56:2",0.00271557676224206,3,"18:1|18:1|20:0"
"54:0",0.00271557674820578,3,"16:0|18:0|20:0"
"56:4",0.00271557674820578,3,"16:0|20:0|20:4"
"56:1",0.00271557674820578,3,"18:0|18:1|20:0"
"58:5",0.00271557674820578,3,"18:1|20:0|20:4"
"52:6",0.00244401907619246,3,"16:0|16:1|20:5"
"54:7",0.00244401907619246,3,"16:0|16:1|22:6"
"54:7",0.00244401907619246,3,"16:0|18:2|20:5"
"54:7",0.00244401907619246,3,"16:1|18:1|20:5"
"58:11",0.00219961714836098,3,"16:0|20:5|22:6"
"60:12",0.00219961714836098,3,"18:1|20:5|22:6"
"56:3",0.00217246158945794,3,"16:0|18:1|22:2"
"60:6",0.00203668258220875,3,"18:1|20:0|22:5"
"62:13",0.00203668255062713,3,"20:4|20:4|22:5"
"62:14",0.00183301429766986,3,"20:4|20:5|22:5"
"64:15",0.00183301429766986,3,"20:4|22:5|22:6"
"46:1",0.00162934608822503,3,"14:0|16:0|16:1"
"48:2",0.00162934608822503,3,"14:0|16:0|18:2"
"48:2",0.00162934608822503,3,"14:0|16:1|18:1"
"62:10",0.00152751192876116,3,"18:0|22:5|22:5"
"64:14",0.00152751192876116,3,"20:4|22:5|22:5"
"50:5",0.00146641146592771,3,"14:0|16:0|20:5"
"58:4",0.00135778836708475,3,"18:0|20:0|20:4"
"60:7",0.00122200953809623,3,"18:1|20:0|22:6"
"56:10",0.00122200953177991,3,"16:1|20:4|20:5"
"60:13",0.00122200951914726,3,"20:4|20:4|20:5"
"62:15",0.0010998085684958,3,"20:4|20:5|22:6"
"58:2",0.00108623079472897,3,"18:1|18:1|22:0"
"58:3",0.00108623079472897,3,"18:1|18:1|22:1"
"56:0",0.00108623078911446,3,"16:0|18:0|22:0"
"58:1",0.00108623078911446,3,"18:0|18:1|22:0"
"60:5",0.00108623078911446,3,"18:1|20:4|22:0"
"60:8",0.00108623078911446,3,"18:1|20:4|22:3"
"60:1",0.0010862305701486,3,"16:0|18:1|26:0"
"62:9",0.00101834128584077,3,"20:0|20:4|22:5"
"64:16",0.000824856434898885,3,"20:5|22:5|22:6"
"62:6",0.00081467310025761,3,"18:1|22:0|22:5"
"62:7",0.00081467310025761,3,"18:1|22:1|22:5"
"62:8",0.00081467310025761,3,"18:1|22:2|22:5"
"54:8",0.000814673031479871,3,"14:0|20:4|20:4"
"54:9",0.00073320572917406,3,"14:0|20:4|20:5"
"66:16",0.000687380368732061,3,"22:5|22:5|22:6"
"58:12",0.00054990428993259,3,"16:1|20:5|22:6"
"60:14",0.000549904284247899,3,"20:4|20:5|20:5"
"60:4",0.000543115391749975,3,"18:0|20:4|22:0"
"58:0",0.0005431152850743,3,"16:0|16:0|26:0"
"60:2",0.0005431152850743,3,"18:1|18:1|24:0"
"62:2",0.0005431152850743,3,"18:1|18:1|26:0"
"60:0",0.000543115282267046,3,"16:0|18:0|26:0"
"62:4",0.000543115282267046,3,"16:0|20:4|26:0"
"62:1",0.000543115282267046,3,"18:0|18:1|26:0"
"62:5",0.000543115282267046,3,"18:1|20:4|24:0"
"64:5",0.000543115282267046,3,"18:1|20:4|26:0"
"64:10",0.000543115282267046,3,"18:1|20:4|26:5"
"64:11",0.000543115282267046,3,"18:1|20:4|26:6"
"44:0",0.000488803833204922,3,"14:0|14:0|16:0"
"66:17",0.000412428217449443,3,"22:5|22:6|22:6"
"48:4",0.000408422756943965,3,"12:0|16:0|20:4"
"64:9",0.000407336548023364,3,"20:4|22:0|22:5"
"64:12",0.000407336548023364,3,"20:4|22:3|22:5"
"64:13",0.000407336548023364,3,"20:4|22:4|22:5"
"48:3",0.0004073365241617,3,"14:0|16:1|18:2"
"64:6",0.000407336465911166,3,"18:1|22:5|24:0"
"66:6",0.000407336465911166,3,"18:1|22:5|26:0"
"66:11",0.000407336465911166,3,"18:1|22:5|26:5"
"66:12",0.000407336465911166,3,"18:1|22:5|26:6"
"66:15",0.000381877986137991,3,"22:5|22:5|22:5"
"50:6",0.000366602868376824,3,"14:0|16:1|20:5"
"52:7",0.000366602868376824,3,"14:0|16:1|22:6"
"52:7",0.000366602868376824,3,"14:0|18:2|20:5"
"56:11",0.000329942578507306,3,"14:0|20:5|22:6"
"60:3",0.00027155770008587,3,"18:1|20:0|22:2"
"62:3",0.000271557643940777,3,"18:1|18:2|26:0"
"64:4",0.000271557639729896,3,"18:0|20:4|26:0"
"62:16",0.000247456928195789,3,"20:5|20:5|22:6"
"64:17",0.000247456928195789,3,"20:5|22:6|22:6"
"64:7",0.000244401877300896,3,"18:1|22:6|24:0"
"66:7",0.000244401877300896,3,"18:1|22:6|26:0"
"66:13",0.000244401877300896,3,"18:1|22:6|26:6"
"44:1",0.000204211380583038,3,"12:0|16:0|16:1"
"46:2",0.000204211380583038,3,"12:0|16:0|18:2"
"46:2",0.000204211380583038,3,"12:0|16:1|18:1"
"66:5",0.000203668231902863,3,"18:0|22:5|26:0"
"66:10",0.000203668231902863,3,"18:0|22:5|26:5"
"66:9",0.000203668231902863,3,"20:4|22:5|24:0"
"66:14",0.000203668231902863,3,"20:4|22:5|24:5"
"68:9",0.000203668231902863,3,"20:4|22:5|26:0"
"68:14",0.000203668231902863,3,"20:4|22:5|26:5"
"68:15",0.000203668231902863,3,"20:4|22:5|26:6"
"48:5",0.00018379024083589,3,"12:0|16:0|20:5"
"54:10",0.000164971289253653,3,"14:0|20:5|20:5"
"62:0",0.000135778821970389,3,"16:0|20:0|26:0"
"64:1",0.000135778821970389,3,"18:1|20:0|26:0"
"64:8",0.000135778819864948,3,"20:4|20:4|24:0"
"66:8",0.000135778819864948,3,"20:4|20:4|26:0"
"42:0",0.000122526830038667,3,"12:0|14:0|16:0"
"68:10",0.000122200938018816,3,"20:4|22:6|26:0"
"68:16",0.000122200938018816,3,"20:4|22:6|26:6"
"52:8",0.000102105688708227,3,"12:0|20:4|20:4"
"52:9",9.18951199429573e-05,3,"12:0|20:4|20:5"
"68:11",9.16507044615602e-05,3,"22:5|22:6|24:0"
"68:17",9.16507044615602e-05,3,"22:5|22:6|24:6"
"70:11",9.16507044615602e-05,3,"22:5|22:6|26:0"
"70:16",9.16507044615602e-05,3,"22:5|22:6|26:5"
"70:17",9.16507044615602e-05,3,"22:5|22:6|26:6"
"60:15",8.24856427319298e-05,3,"20:5|20:5|20:5"
"66:18",8.24856427319298e-05,3,"22:6|22:6|22:6"
"70:10",7.63755877531137e-05,3,"22:5|22:5|26:0"
"70:15",7.63755877531137e-05,3,"22:5|22:5|26:5"
"64:0",6.78894106342875e-05,3,"18:0|20:0|26:0"
"66:4",6.78894106342875e-05,3,"20:0|20:4|26:0"
"46:4",6.12634147026752e-05,3,"12:0|14:0|20:4"
"58:13",5.49904335410115e-05,3,"18:3|20:5|20:5"
"64:2",5.43115332797623e-05,3,"16:0|22:2|26:0"
"64:3",5.43115332797623e-05,3,"16:0|22:3|26:0"
"64:2",5.43115332797623e-05,3,"18:1|20:1|26:0"
"66:1",5.43115332797623e-05,3,"18:1|22:0|26:0"
"64:2",5.43115332797623e-05,3,"18:1|22:1|24:0"
"66:2",5.43115332797623e-05,3,"18:1|22:1|26:0"
"64:3",5.43115332797623e-05,3,"18:1|22:2|24:0"
"66:3",5.43115332797623e-05,3,"18:1|22:2|26:0"
"46:3",5.10528454096414e-05,3,"12:0|16:1|18:2"
"68:5",5.09170585020758e-05,3,"20:0|22:5|26:0"
"48:6",4.59475604464662e-05,3,"12:0|16:1|20:5"
"50:7",4.59475604464662e-05,3,"12:0|16:1|22:6"
"50:7",4.59475604464662e-05,3,"12:0|18:2|20:5"
"54:11",4.13528040218295e-05,3,"12:0|20:5|22:6"
"42:1",3.0631707667996e-05,3,"12:0|14:0|16:1"
"44:2",3.0631707667996e-05,3,"12:0|14:0|18:2"
"68:6",3.05502348205201e-05,3,"20:0|22:6|26:0"
"68:12",3.05502348205201e-05,3,"20:0|22:6|26:6"
"46:5",2.75685366478697e-05,3,"12:0|14:0|20:5"
"68:18",2.74952110858152e-05,3,"22:6|22:6|24:6"
"70:12",2.74952110858152e-05,3,"22:6|22:6|26:0"
"70:18",2.74952110858152e-05,3,"22:6|22:6|26:6"
"66:0",2.71557664995184e-05,3,"18:0|22:0|26:0"
"68:4",2.71557664995184e-05,3,"20:4|22:0|26:0"
"68:7",2.71557664995184e-05,3,"20:4|22:3|26:0"
"68:13",2.71557664995184e-05,3,"20:4|22:3|26:6"
"68:8",2.71557664995184e-05,3,"20:4|22:4|26:0"
"68:13",2.71557664995184e-05,3,"20:4|22:4|26:5"
"68:1",2.71557610253726e-05,3,"18:1|24:0|26:0"
"70:6",2.71557610253726e-05,3,"18:1|26:0|26:5"
"70:7",2.71557610253726e-05,3,"18:1|26:0|26:6"
"52:10",2.06764020109148e-05,3,"12:0|20:5|20:5"
"56:12",2.06764020109148e-05,3,"12:0|22:6|22:6"
"70:5",2.03668250851829e-05,3,"22:0|22:5|26:0"
"70:13",2.03668250851829e-05,3,"22:2|22:5|26:6"
"70:8",2.03668250851829e-05,3,"22:3|22:5|26:0"
"70:13",2.03668250851829e-05,3,"22:3|22:5|26:5"
"70:14",2.03668250851829e-05,3,"22:3|22:5|26:6"
"70:9",2.03668250851829e-05,3,"22:4|22:5|26:0"
"70:14",2.03668250851829e-05,3,"22:4|22:5|26:5"
"68:0",1.35778805126863e-05,3,"16:0|26:0|26:0"
"70:1",1.35778805126863e-05,3,"18:1|26:0|26:0"
"70:4",1.35778804425049e-05,3,"20:4|24:0|26:0"
"72:9",1.35778804425049e-05,3,"20:4|26:0|26:5"
"72:10",1.35778804425049e-05,3,"20:4|26:0|26:6"
"72:15",1.35778804425049e-05,3,"20:4|26:5|26:6"
"72:5",1.01834104371507e-05,3,"22:5|24:0|26:0"
"72:11",1.01834104371507e-05,3,"22:5|24:0|26:6"
"72:16",1.01834104371507e-05,3,"22:5|24:5|26:6"
"72:11",1.01834104371507e-05,3,"22:5|24:6|26:0"
"72:16",1.01834104371507e-05,3,"22:5|24:6|26:5"
"72:17",1.01834104371507e-05,3,"22:5|24:6|26:6"
"74:10",1.01834104371507e-05,3,"22:5|26:0|26:5"
"74:11",1.01834104371507e-05,3,"22:5|26:0|26:6"
"74:16",1.01834104371507e-05,3,"22:5|26:5|26:6"
"50:8",9.18951284927323e-06,3,"12:0|18:3|20:5"
"40:0",9.18951242706212e-06,3,"12:0|14:0|14:0"
"68:2",6.78894169506097e-06,3,"20:0|22:2|26:0"
"68:3",6.78894169506097e-06,3,"20:0|22:3|26:0"
"70:0",6.78894022125247e-06,3,"18:0|26:0|26:0"
"72:4",6.78894022125247e-06,3,"20:4|26:0|26:0"
"72:14",6.78894022125247e-06,3,"20:4|26:5|26:5"
"44:3",6.12634204025254e-06,3,"12:0|14:0|18:3"
"72:6",6.11004620614536e-06,3,"22:6|24:0|26:0"
"72:12",6.11004620614536e-06,3,"22:6|24:0|26:6"
"72:12",6.11004620614536e-06,3,"22:6|24:6|26:0"
"72:18",6.11004620614536e-06,3,"22:6|24:6|26:6"
"74:12",6.11004620614536e-06,3,"22:6|26:0|26:6"
"74:17",6.11004620614536e-06,3,"22:6|26:5|26:6"
"74:5",5.09170521857536e-06,3,"22:5|26:0|26:0"
"74:15",5.09170521857536e-06,3,"22:5|26:5|26:5"
"44:4",3.83917406684706e-06,3,"12:0|12:0|20:4"
"70:2",3.39447014571691e-06,3,"18:2|26:0|26:0"
"74:6",3.05502310307268e-06,3,"22:6|26:0|26:0"
"74:18",3.05502310307268e-06,3,"22:6|26:6|26:6"
"70:3",2.71557690260475e-06,3,"22:0|22:3|26:0"
"70:3",2.71557690260475e-06,3,"22:1|22:2|26:0"
"40:1",1.91958705326745e-06,3,"12:0|12:0|16:1"
"42:2",1.91958705326745e-06,3,"12:0|12:0|18:2"
"44:5",1.72762833206557e-06,3,"12:0|12:0|20:5"
"46:6",1.72762833206557e-06,3,"12:0|12:0|22:6"
"72:0",1.69723507285845e-06,3,"20:0|26:0|26:0"
"72:7",1.35778817057692e-06,3,"20:1|26:0|26:6"
"72:8",1.35778817057692e-06,3,"20:3|26:0|26:5"
"72:1",1.35778817057692e-06,3,"22:1|24:0|26:0"
"72:7",1.35778817057692e-06,3,"22:1|24:0|26:6"
"72:7",1.35778817057692e-06,3,"22:1|24:6|26:0"
"72:13",1.35778817057692e-06,3,"22:1|24:6|26:6"
"74:7",1.35778817057692e-06,3,"22:1|26:0|26:6"
"72:2",1.35778817057692e-06,3,"22:2|24:0|26:0"
"72:7",1.35778817057692e-06,3,"22:2|24:0|26:5"
"72:8",1.35778817057692e-06,3,"22:2|24:0|26:6"
"72:7",1.35778817057692e-06,3,"22:2|24:5|26:0"
"72:13",1.35778817057692e-06,3,"22:2|24:5|26:6"
"72:8",1.35778817057692e-06,3,"22:2|24:6|26:0"
"72:13",1.35778817057692e-06,3,"22:2|24:6|26:5"
"74:7",1.35778817057692e-06,3,"22:2|26:0|26:5"
"74:8",1.35778817057692e-06,3,"22:2|26:0|26:6"
"74:13",1.35778817057692e-06,3,"22:2|26:5|26:6"
"72:3",1.35778817057692e-06,3,"22:3|24:0|26:0"
"72:8",1.35778817057692e-06,3,"22:3|24:0|26:5"
"72:8",1.35778817057692e-06,3,"22:3|24:5|26:0"
"72:13",1.35778817057692e-06,3,"22:3|24:5|26:5"
"74:8",1.35778817057692e-06,3,"22:3|26:0|26:5"
"74:9",1.35778817057692e-06,3,"22:3|26:0|26:6"
"74:14",1.35778817057692e-06,3,"22:3|26:5|26:6"
"74:9",1.35778817057692e-06,3,"22:4|26:0|26:5"
"38:0",1.15175224783561e-06,3,"12:0|12:0|14:0"
"74:0",6.78894085288461e-07,3,"22:0|26:0|26:0"
"74:1",6.78894085288461e-07,3,"22:1|26:0|26:0"
"74:2",6.78894085288461e-07,3,"22:2|26:0|26:0"
"74:3",6.78894085288461e-07,3,"22:3|26:0|26:0"
"74:4",6.78894085288461e-07,3,"22:4|26:0|26:0"
"76:5",6.78893944925763e-07,3,"24:0|26:0|26:5"
"76:6",6.78893944925763e-07,3,"24:0|26:0|26:6"
"76:11",6.78893944925763e-07,3,"24:0|26:5|26:6"
"76:10",6.78893944925763e-07,3,"24:5|26:0|26:5"
"76:11",6.78893944925763e-07,3,"24:5|26:0|26:6"
"76:16",6.78893944925763e-07,3,"24:5|26:5|26:6"
"76:11",6.78893944925763e-07,3,"24:6|26:0|26:5"
"76:12",6.78893944925763e-07,3,"24:6|26:0|26:6"
"76:17",6.78893944925763e-07,3,"24:6|26:5|26:6"
"78:11",6.78893944925763e-07,3,"26:0|26:5|26:6"
"42:3",3.83917442403767e-07,3,"12:0|12:0|18:3"
"76:0",3.39446972462881e-07,3,"24:0|26:0|26:0"
"76:15",3.39446972462881e-07,3,"24:5|26:5|26:5"
"76:18",3.39446972462881e-07,3,"24:6|26:6|26:6"
"78:5",3.39446972462881e-07,3,"26:0|26:0|26:5"
"78:6",3.39446972462881e-07,3,"26:0|26:0|26:6"
"78:10",3.39446972462881e-07,3,"26:0|26:5|26:5"
"78:12",3.39446972462881e-07,3,"26:0|26:6|26:6"
"78:16",3.39446972462881e-07,3,"26:5|26:5|26:6"
"78:17",3.39446972462881e-07,3,"26:5|26:6|26:6"
"78:0",1.1314899082096e-07,3,"26:0|26:0|26:0"
"78:15",1.1314899082096e-07,3,"26:5|26:5|26:5"
"78:18",1.1314899082096e-07,3,"26:6|26:6|26:6"
"36:0",4.81176504529185e-08,3,"12:0|12:0|12:0"
"76:1",0,3,"24:0|26:0|26:1"
"76:2",0,3,"24:0|26:0|26:2"
"76:3",0,3,"24:0|26:0|26:3"
"76:4",0,3,"24:0|26:0|26:4"
"76:2",0,3,"24:0|26:1|26:1"
"76:3",0,3,"24:0|26:1|26:2"
"76:4",0,3,"24:0|26:1|26:3"
"76:7",0,3,"24:0|26:1|26:6"
"76:4",0,3,"24:0|26:2|26:2"
"76:7",0,3,"24:0|26:2|26:5"
"76:8",0,3,"24:0|26:2|26:6"
"76:7",0,3,"24:0|26:3|26:4"
"76:8",0,3,"24:0|26:3|26:5"
"76:9",0,3,"24:0|26:3|26:6"
"76:8",0,3,"24:0|26:4|26:4"
"76:9",0,3,"24:0|26:4|26:5"
"76:1",0,3,"24:1|26:0|26:0"
"76:2",0,3,"24:1|26:0|26:1"
"76:3",0,3,"24:1|26:0|26:2"
"76:4",0,3,"24:1|26:0|26:3"
"76:7",0,3,"24:1|26:0|26:6"
"76:3",0,3,"24:1|26:1|26:1"
"76:4",0,3,"24:1|26:1|26:2"
"76:7",0,3,"24:1|26:1|26:5"
"76:8",0,3,"24:1|26:1|26:6"
"76:7",0,3,"24:1|26:2|26:4"
"76:8",0,3,"24:1|26:2|26:5"
"76:9",0,3,"24:1|26:2|26:6"
"76:7",0,3,"24:1|26:3|26:3"
"76:8",0,3,"24:1|26:3|26:4"
"76:9",0,3,"24:1|26:3|26:5"
"76:9",0,3,"24:1|26:4|26:4"
"76:13",0,3,"24:1|26:6|26:6"
"76:2",0,3,"24:2|26:0|26:0"
"76:3",0,3,"24:2|26:0|26:1"
"76:4",0,3,"24:2|26:0|26:2"
"76:7",0,3,"24:2|26:0|26:5"
"76:8",0,3,"24:2|26:0|26:6"
"76:4",0,3,"24:2|26:1|26:1"
"76:7",0,3,"24:2|26:1|26:4"
"76:8",0,3,"24:2|26:1|26:5"
"76:9",0,3,"24:2|26:1|26:6"
"76:7",0,3,"24:2|26:2|26:3"
"76:8",0,3,"24:2|26:2|26:4"
"76:9",0,3,"24:2|26:2|26:5"
"76:8",0,3,"24:2|26:3|26:3"
"76:9",0,3,"24:2|26:3|26:4"
"76:13",0,3,"24:2|26:5|26:6"
"76:14",0,3,"24:2|26:6|26:6"
"76:3",0,3,"24:3|26:0|26:0"
"76:4",0,3,"24:3|26:0|26:1"
"76:7",0,3,"24:3|26:0|26:4"
"76:8",0,3,"24:3|26:0|26:5"
"76:9",0,3,"24:3|26:0|26:6"
"76:7",0,3,"24:3|26:1|26:3"
"76:8",0,3,"24:3|26:1|26:4"
"76:9",0,3,"24:3|26:1|26:5"
"76:7",0,3,"24:3|26:2|26:2"
"76:8",0,3,"24:3|26:2|26:3"
"76:9",0,3,"24:3|26:2|26:4"
"76:9",0,3,"24:3|26:3|26:3"
"76:13",0,3,"24:3|26:4|26:6"
"76:13",0,3,"24:3|26:5|26:5"
"76:14",0,3,"24:3|26:5|26:6"
"76:4",0,3,"24:4|26:0|26:0"
"76:7",0,3,"24:4|26:0|26:3"
"76:8",0,3,"24:4|26:0|26:4"
"76:9",0,3,"24:4|26:0|26:5"
"76:7",0,3,"24:4|26:1|26:2"
"76:8",0,3,"24:4|26:1|26:3"
"76:9",0,3,"24:4|26:1|26:4"
"76:8",0,3,"24:4|26:2|26:2"
"76:9",0,3,"24:4|26:2|26:3"
"76:13",0,3,"24:4|26:3|26:6"
"76:13",0,3,"24:4|26:4|26:5"
"76:14",0,3,"24:4|26:4|26:6"
"76:14",0,3,"24:4|26:5|26:5"
"76:7",0,3,"24:5|26:0|26:2"
"76:8",0,3,"24:5|26:0|26:3"
"76:9",0,3,"24:5|26:0|26:4"
"76:7",0,3,"24:5|26:1|26:1"
"76:8",0,3,"24:5|26:1|26:2"
"76:9",0,3,"24:5|26:1|26:3"
"76:9",0,3,"24:5|26:2|26:2"
"76:13",0,3,"24:5|26:2|26:6"
"76:13",0,3,"24:5|26:3|26:5"
"76:14",0,3,"24:5|26:3|26:6"
"76:13",0,3,"24:5|26:4|26:4"
"76:14",0,3,"24:5|26:4|26:5"
"76:7",0,3,"24:6|26:0|26:1"
"76:8",0,3,"24:6|26:0|26:2"
"76:9",0,3,"24:6|26:0|26:3"
"76:8",0,3,"24:6|26:1|26:1"
"76:9",0,3,"24:6|26:1|26:2"
"76:13",0,3,"24:6|26:1|26:6"
"76:13",0,3,"24:6|26:2|26:5"
"76:14",0,3,"24:6|26:2|26:6"
"76:13",0,3,"24:6|26:3|26:4"
"76:14",0,3,"24:6|26:3|26:5"
"76:14",0,3,"24:6|26:4|26:4"
"78:1",0,3,"26:0|26:0|26:1"
"78:2",0,3,"26:0|26:0|26:2"
"78:3",0,3,"26:0|26:0|26:3"
"78:4",0,3,"26:0|26:0|26:4"
"78:2",0,3,"26:0|26:1|26:1"
"78:3",0,3,"26:0|26:1|26:2"
"78:4",0,3,"26:0|26:1|26:3"
"78:7",0,3,"26:0|26:1|26:6"
"78:4",0,3,"26:0|26:2|26:2"
"78:7",0,3,"26:0|26:2|26:5"
"78:8",0,3,"26:0|26:2|26:6"
"78:7",0,3,"26:0|26:3|26:4"
"78:8",0,3,"26:0|26:3|26:5"
"78:9",0,3,"26:0|26:3|26:6"
"78:8",0,3,"26:0|26:4|26:4"
"78:9",0,3,"26:0|26:4|26:5"
"78:3",0,3,"26:1|26:1|26:1"
"78:4",0,3,"26:1|26:1|26:2"
"78:7",0,3,"26:1|26:1|26:5"
"78:8",0,3,"26:1|26:1|26:6"
"78:7",0,3,"26:1|26:2|26:4"
"78:8",0,3,"26:1|26:2|26:5"
"78:9",0,3,"26:1|26:2|26:6"
"78:7",0,3,"26:1|26:3|26:3"
"78:8",0,3,"26:1|26:3|26:4"
"78:9",0,3,"26:1|26:3|26:5"
"78:9",0,3,"26:1|26:4|26:4"
"78:13",0,3,"26:1|26:6|26:6"
"78:7",0,3,"26:2|26:2|26:3"
"78:8",0,3,"26:2|26:2|26:4"
"78:9",0,3,"26:2|26:2|26:5"
"78:8",0,3,"26:2|26:3|26:3"
"78:9",0,3,"26:2|26:3|26:4"
"78:13",0,3,"26:2|26:5|26:6"
"78:14",0,3,"26:2|26:6|26:6"
"78:9",0,3,"26:3|26:3|26:3"
"78:13",0,3,"26:3|26:4|26:6"
"78:13",0,3,"26:3|26:5|26:5"
"78:14",0,3,"26:3|26:5|26:6"
"78:13",0,3,"26:4|26:4|26:5"
"78:14",0,3,"26:4|26:4|26:6"
"78:14",0,3,"26:4|26:5|26:5"
"68:2",0.00840605709211169,4,"16:0|16:0|18:1|18:1"
"68:1",0.00840605704866246,4,"16:0|16:0|18:0|18:1"
"70:5",0.00840605704866246,4,"16:0|16:0|18:1|20:4"
"70:2",0.00840605704866246,4,"16:0|18:0|18:1|18:1"
"72:6",0.00840605704866246,4,"16:0|18:1|18:1|20:4"
"72:5",0.00840605700521323,4,"16:0|18:0|18:1|20:4"
"74:7",0.00630454285167069,4,"16:0|18:1|18:1|22:5"
"74:6",0.00630454281908377,4,"16:0|18:0|18:1|22:5"
"76:10",0.00630454281908377,4,"16:0|18:1|20:4|22:5"
"66:1",0.00560403806140779,4,"16:0|16:0|16:0|18:1"
"70:3",0.00560403806140779,4,"16:0|18:1|18:1|18:1"
"66:2",0.00420302856778046,4,"16:0|16:0|16:1|18:1"
"68:3",0.00420302856778046,4,"16:0|16:0|18:1|18:2"
"68:3",0.00420302856778046,4,"16:0|16:1|18:1|18:1"
"70:4",0.00420302856778046,4,"16:0|18:1|18:1|18:2"
"70:6",0.00420302854605584,4,"16:0|16:1|18:1|20:4"
"72:7",0.00420302854605584,4,"16:0|18:1|18:2|20:4"
"70:1",0.00420302850260662,4,"16:0|18:0|18:0|18:1"
"74:9",0.00420302850260662,4,"16:0|18:1|20:4|20:4"
"74:8",0.00378272567624303,4,"16:0|18:1|18:1|22:6"
"74:10",0.00378272565669088,4,"16:0|18:1|20:4|20:5"
"76:11",0.00378272565669088,4,"16:0|18:1|20:4|22:6"
"76:7",0.00315227140954188,4,"18:0|18:1|18:1|22:5"
"78:11",0.00315227140954188,4,"18:1|18:1|20:4|22:5"
"76:9",0.00315227139324842,4,"16:0|18:0|20:4|22:5"
"78:10",0.00315227139324842,4,"18:0|18:1|20:4|22:5"
"78:12",0.00283704427184639,4,"16:0|18:1|22:5|22:6"
"66:0",0.00280201901622082,4,"16:0|16:0|16:0|18:0"
"68:4",0.00280201901622082,4,"16:0|16:0|16:0|20:4"
"72:3",0.00280201901622082,4,"18:0|18:1|18:1|18:1"
"64:1",0.00252181717542766,4,"14:0|16:0|16:0|18:1"
"68:5",0.00252181716239289,4,"14:0|16:0|18:1|20:4"
"72:2",0.00210151428389023,4,"16:0|18:1|18:1|20:0"
"76:8",0.00210151428389023,4,"18:1|18:1|18:1|22:5"
"72:1",0.00210151427302792,4,"16:0|18:0|18:1|20:0"
"74:5",0.00210151427302792,4,"16:0|18:1|20:0|20:4"
"72:4",0.00210151427302792,4,"18:0|18:1|18:1|18:2"
"68:0",0.00210151425130331,4,"16:0|16:0|18:0|18:0"
"72:8",0.00210151425130331,4,"16:0|16:0|20:4|20:4"
"70:7",0.00189136284789759,4,"16:0|16:1|18:1|20:5"
"72:9",0.00189136282834544,4,"16:0|16:0|20:4|20:5"
"76:12",0.00170222654746611,4,"16:0|18:1|20:5|22:6"
"76:6",0.0015761357210644,4,"16:0|18:1|20:0|22:5"
"78:13",0.00157613569662421,4,"16:0|20:4|20:4|22:5"
"80:14",0.00157613569662421,4,"18:1|20:4|20:4|22:5"
"80:13",0.00141852213592319,4,"18:1|18:1|22:5|22:6"
"78:14",0.00141852212859114,4,"16:0|20:4|20:5|22:5"
"80:15",0.00141852212859114,4,"16:0|20:4|22:5|22:6"
"80:12",0.00141852212859114,4,"18:0|18:1|22:5|22:6"
"80:15",0.00141852212859114,4,"18:1|20:4|20:5|22:5"
"82:16",0.00141852212859114,4,"18:1|20:4|22:5|22:6"
"64:0",0.00140100951535195,4,"16:0|16:0|16:0|16:0"
"64:2",0.00126090859423121,4,"14:0|16:0|16:1|18:1"
"66:3",0.00126090859423121,4,"14:0|16:0|18:1|18:2"
"66:4",0.00126090858119644,4,"14:0|16:0|16:0|20:4"
"80:11",0.00118210178468825,4,"18:0|18:1|22:5|22:5"
"82:15",0.00118210178468825,4,"18:1|20:4|22:5|22:5"
"68:6",0.00113481772438028,4,"14:0|16:0|18:1|20:5"
"70:0",0.00105075713651396,4,"16:0|16:0|18:0|20:0"
"74:2",0.00105075713651396,4,"18:0|18:1|18:1|20:0"
"74:4",0.00105075713108281,4,"16:0|18:0|20:0|20:4"
"76:5",0.00105075713108281,4,"18:0|18:1|20:0|20:4"
"72:10",0.000945681419060758,4,"16:0|16:1|20:4|20:5"
"74:11",0.000945681419060758,4,"16:0|16:1|20:4|22:6"
"74:11",0.000945681419060758,4,"16:0|18:2|20:4|20:5"
"74:11",0.000945681419060758,4,"16:1|18:1|20:4|20:5"
"76:13",0.000945681409284681,4,"16:0|20:4|20:4|20:5"
"78:15",0.000851113269333821,4,"16:0|20:4|20:5|22:6"
"80:16",0.000851113269333821,4,"18:1|20:4|20:5|22:6"
"74:3",0.000840605783074857,4,"16:0|18:1|18:1|22:1"
"74:1",0.000840605778729934,4,"16:0|18:0|18:1|22:0"
"62:0",0.000840605725142553,4,"14:0|16:0|16:0|16:0"
"78:7",0.000788067860532201,4,"18:1|18:1|20:0|22:5"
"78:9",0.000788067856458836,4,"16:0|20:0|20:4|22:5"
"78:6",0.000788067856458836,4,"18:0|18:1|20:0|22:5"
"80:10",0.000788067856458836,4,"18:1|20:0|20:4|22:5"
"82:17",0.000638334958599217,4,"18:1|20:5|22:5|22:6"
"78:8",0.000630454340564835,4,"16:0|18:1|22:2|22:5"
"62:1",0.000630454297115607,4,"14:0|16:0|16:0|16:1"
"66:5",0.000630454293856914,4,"14:0|16:0|16:1|20:4"
"70:8",0.00063045428733953,4,"14:0|16:0|20:4|20:4"
"82:14",0.000591050889289103,4,"18:0|20:4|22:5|22:5"
"70:9",0.000567408859257316,4,"14:0|16:0|20:4|20:5"
"84:17",0.000531945803720719,4,"18:1|22:5|22:5|22:6"
"72:0",0.000525378565541404,4,"16:0|18:0|18:0|20:0"
"74:12",0.000425556639066145,4,"16:0|16:1|20:5|22:6"
"76:14",0.00042555663466691,4,"16:0|20:4|20:5|20:5"
"76:2",0.000420302889364967,4,"18:0|18:1|18:1|22:0"
"76:3",0.000420302889364967,4,"18:0|18:1|18:1|22:1"
"76:4",0.000420302889364967,4,"18:0|18:1|18:1|22:2"
"78:5",0.000420302887192505,4,"18:0|18:1|20:4|22:0"
"76:1",0.000420302804638972,4,"16:0|16:0|18:1|26:0"
"78:2",0.000420302804638972,4,"16:0|18:1|18:1|26:0"
"78:1",0.000420302802466511,4,"16:0|18:0|18:1|26:0"
"80:5",0.000420302802466511,4,"16:0|18:1|20:4|26:0"
"80:9",0.000394033926192735,4,"18:0|20:0|20:4|22:5"
"82:12",0.000354630535813813,4,"18:1|20:0|22:5|22:6"
"82:18",0.00035463053031477,4,"20:4|20:4|20:5|22:5"
"84:19",0.00035463053031477,4,"20:4|20:4|22:5|22:6"
"84:18",0.000319167479299609,4,"18:1|22:5|22:6|22:6"
"84:20",0.000319167477649896,4,"20:4|20:5|22:5|22:6"
"80:7",0.000315227170282417,4,"18:1|18:1|22:0|22:5"
"80:8",0.000315227170282417,4,"18:1|18:1|22:1|22:5"
"80:6",0.000315227168653071,4,"18:0|18:1|22:0|22:5"
"82:10",0.000315227168653071,4,"18:1|20:4|22:0|22:5"
"82:11",0.000315227168653071,4,"18:1|20:4|22:1|22:5"
"82:13",0.000315227168653071,4,"18:1|20:4|22:3|22:5"
"64:3",0.000315227150187149,4,"14:0|16:0|16:1|18:2"
"82:6",0.000315227105108575,4,"16:0|18:1|22:5|26:0"
"84:16",0.000295525449227087,4,"18:1|22:5|22:5|22:5"
"66:6",0.000283704432561481,4,"14:0|16:0|16:1|20:5"
"68:7",0.000283704432561481,4,"14:0|16:0|16:1|22:6"
"68:7",0.000283704432561481,4,"14:0|16:0|18:2|20:5"
"68:7",0.000283704432561481,4,"14:0|16:1|18:1|20:5"
"86:20",0.000265972900485599,4,"20:4|22:5|22:5|22:6"
"72:11",0.000255333986959074,4,"14:0|16:0|20:5|22:6"
"78:16",0.000212778318433264,4,"16:1|20:4|20:5|22:6"
"80:17",0.000212778318433264,4,"18:2|20:4|20:5|22:6"
"82:19",0.000212778316233647,4,"20:4|20:4|20:5|22:6"
"74:0",0.000210151443596253,4,"16:0|18:0|18:0|22:0"
"78:3",0.000210151403405717,4,"16:0|18:1|18:2|26:0"
"76:0",0.000210151401233256,4,"16:0|16:0|18:0|26:0"
"78:4",0.000210151401233256,4,"16:0|16:0|20:4|26:0"
"80:2",0.000210151401233256,4,"18:0|18:1|18:1|26:0"
"80:4",0.000210151400147025,4,"16:0|18:0|20:4|26:0"
"82:5",0.000210151400147025,4,"18:0|18:1|20:4|26:0"
"60:0",0.000189136291741636,4,"14:0|14:0|16:0|16:0"
"64:4",0.000189136290764028,4,"14:0|14:0|16:0|20:4"
"82:7",0.000189136261327176,4,"16:0|18:1|22:6|26:0"
"84:15",0.000177315266990399,4,"20:0|20:4|22:5|22:6"
"86:21",0.000159583738824948,4,"20:4|22:5|22:6|22:6"
"62:2",0.000158033880387854,4,"12:0|16:0|16:1|18:1"
"82:9",0.000157613583511862,4,"18:0|20:4|22:0|22:5"
"84:7",0.000157613552554288,4,"18:1|18:1|22:5|26:0"
"84:12",0.000157613552554288,4,"18:1|18:1|22:5|26:5"
"84:13",0.000157613552554288,4,"18:1|18:1|22:5|26:6"
"84:9",0.000157613551739615,4,"16:0|20:4|22:5|26:0"
"84:14",0.000157613551739615,4,"16:0|20:4|22:5|26:5"
"84:6",0.000157613551739615,4,"18:0|18:1|22:5|26:0"
"84:11",0.000157613551739615,4,"18:0|18:1|22:5|26:5"
"84:10",0.000157613551739615,4,"18:1|20:4|22:5|24:0"
"86:10",0.000157613551739615,4,"18:1|20:4|22:5|26:0"
"86:15",0.000157613551739615,4,"18:1|20:4|22:5|26:5"
"86:16",0.000157613551739615,4,"18:1|20:4|22:5|26:6"
"86:19",0.000147762723849788,4,"20:4|22:5|22:5|22:5"
"70:10",0.000141852215547535,4,"14:0|16:1|20:4|20:5"
"74:13",0.000141852214081123,4,"14:0|20:4|20:4|20:5"
"80:3",0.000140100934879657,4,"18:1|18:1|18:1|26:0"
"76:15",0.000127666992819652,4,"14:0|20:4|20:5|22:6"
"80:18",0.000106389158116823,4,"20:4|20:4|20:5|20:5"
"80:1",0.000105075701702858,4,"16:0|18:1|20:0|26:0"
"78:0",0.000105075700073512,4,"16:0|18:0|18:0|26:0"
"82:8",0.000105075700073512,4,"16:0|20:4|20:4|26:0"
"82:20",9.57502424151218e-05,4,"20:4|20:5|20:5|22:6"
"84:21",9.57502424151218e-05,4,"20:4|20:5|22:6|22:6"
"60:1",9.48203295396655e-05,4,"12:0|14:0|16:0|18:1"
"84:8",9.45681306635881e-05,4,"18:1|18:1|22:6|26:0"
"86:11",9.45681301747843e-05,4,"18:1|20:4|22:6|26:0"
"86:17",9.45681301747843e-05,4,"18:1|20:4|22:6|26:6"
"64:5",8.51113309415734e-05,4,"14:0|14:0|16:0|20:5"
"68:8",7.90169389686589e-05,4,"12:0|16:0|20:4|20:4"
"86:9",7.88067754624708e-05,4,"18:0|20:4|22:5|26:0"
"86:14",7.88067754624708e-05,4,"18:0|20:4|22:5|26:5"
"86:22",7.18126825537122e-05,4,"20:5|22:5|22:6|22:6"
"68:9",7.11152451534776e-05,4,"12:0|16:0|20:4|20:5"
"86:18",7.09261126618054e-05,4,"20:4|22:3|22:5|22:6"
"86:12",7.09260983642939e-05,4,"18:1|22:5|22:6|24:0"
"88:12",7.09260983642939e-05,4,"18:1|22:5|22:6|26:0"
"88:17",7.09260983642939e-05,4,"18:1|22:5|22:6|26:5"
"88:18",7.09260983642939e-05,4,"18:1|22:5|22:6|26:6"
"88:21",6.64932258087801e-05,4,"22:5|22:5|22:5|22:6"
"72:12",6.38334970697112e-05,4,"14:0|16:1|20:5|22:6"
"74:14",6.3833496409826e-05,4,"14:0|20:4|20:5|20:5"
"88:22",5.98439026779978e-05,4,"22:5|22:5|22:6|22:6"
"88:11",5.91050825133602e-05,4,"18:1|22:5|22:5|26:0"
"88:16",5.91050825133602e-05,4,"18:1|22:5|22:5|26:5"
"82:2",5.25378508514292e-05,4,"18:1|18:1|20:0|26:0"
"80:0",5.25378505798715e-05,4,"16:0|18:0|20:0|26:0"
"82:4",5.25378505798715e-05,4,"16:0|20:0|20:4|26:0"
"82:1",5.25378505798715e-05,4,"18:0|18:1|20:0|26:0"
"84:5",5.25378505798715e-05,4,"18:1|20:0|20:4|26:0"
"78:17",4.78751217024748e-05,4,"16:1|20:5|20:5|22:6"
"58:0",4.74101647698327e-05,4,"12:0|14:0|16:0|16:0"
"62:4",4.74101645247791e-05,4,"12:0|14:0|16:0|20:4"
"82:3",4.20302841570812e-05,4,"16:0|18:1|22:2|26:0"
"62:3",3.9508470301175e-05,4,"12:0|16:0|16:1|18:2"
"86:6",3.94033883422401e-05,4,"18:1|20:0|22:5|26:0"
"86:13",3.94033877312354e-05,4,"20:4|20:4|22:5|24:0"
"88:13",3.94033877312354e-05,4,"20:4|20:4|22:5|26:0"
"88:19",3.94033877312354e-05,4,"20:4|20:4|22:5|26:6"
"64:6",3.55576229443193e-05,4,"12:0|16:0|16:1|20:5"
"66:7",3.55576229443193e-05,4,"12:0|16:0|16:1|22:6"
"66:7",3.55576229443193e-05,4,"12:0|16:0|18:2|20:5"
"66:7",3.55576229443193e-05,4,"12:0|16:1|18:1|20:5"
"88:14",3.54630489988455e-05,4,"20:4|20:5|22:5|26:0"
"88:20",3.54630489988455e-05,4,"20:4|20:5|22:5|26:6"
"88:15",3.54630489988455e-05,4,"20:4|22:5|22:6|24:0"
"88:20",3.54630489988455e-05,4,"20:4|22:5|22:6|24:5"
"90:15",3.54630489988455e-05,4,"20:4|22:5|22:6|26:0"
"90:20",3.54630489988455e-05,4,"20:4|22:5|22:6|26:5"
"90:21",3.54630489988455e-05,4,"20:4|22:5|22:6|26:6"
"70:11",3.2001860355823e-05,4,"12:0|16:0|20:5|22:6"
"80:19",3.19167474717073e-05,4,"20:4|20:5|20:5|20:5"
"88:10",2.95525411039289e-05,4,"18:0|22:5|22:5|26:0"
"90:14",2.95525411039289e-05,4,"20:4|22:5|22:5|26:0"
"90:19",2.95525411039289e-05,4,"20:4|22:5|22:5|26:5"
"76:16",2.87250734174159e-05,4,"14:0|20:5|20:5|22:6"
"84:4",2.62689251541569e-05,4,"18:0|20:0|20:4|26:0"
"88:23",2.39375608512374e-05,4,"22:5|22:6|22:6|22:6"
"58:1",2.37050825074432e-05,4,"12:0|14:0|16:0|16:1"
"60:2",2.37050825074432e-05,4,"12:0|14:0|16:0|18:2"
"60:2",2.37050825074432e-05,4,"12:0|14:0|16:1|18:1"
"86:7",2.3642032788098e-05,4,"18:1|20:0|22:6|26:0"
"84:22",2.15438045681481e-05,4,"20:5|20:5|22:6|22:6"
"62:5",2.1334574060656e-05,4,"12:0|14:0|16:0|20:5"
"84:2",2.10151420785406e-05,4,"18:1|18:1|22:0|26:0"
"84:3",2.10151420785406e-05,4,"18:1|18:1|22:1|26:0"
"82:0",2.10151419699175e-05,4,"16:0|18:0|22:0|26:0"
"84:1",2.10151419699175e-05,4,"18:0|18:1|22:0|26:0"
"86:5",2.10151419699175e-05,4,"18:1|20:4|22:0|26:0"
"86:8",2.10151419699175e-05,4,"18:1|20:4|22:3|26:0"
"88:9",1.97016940692859e-05,4,"20:0|20:4|22:5|26:0"
"68:10",1.77788113802645e-05,4,"12:0|16:1|20:4|20:5"
"72:13",1.77788111964743e-05,4,"12:0|20:4|20:4|20:5"
"74:15",1.60009300952059e-05,4,"12:0|20:4|20:5|22:6"
"90:16",1.59583720678106e-05,4,"20:5|22:5|22:6|26:0"
"90:22",1.59583720678106e-05,4,"20:5|22:5|22:6|26:6"
"88:6",1.57613566403727e-05,4,"18:1|22:0|22:5|26:0"
"88:7",1.57613566403727e-05,4,"18:1|22:1|22:5|26:0"
"88:8",1.57613566403727e-05,4,"18:1|22:2|22:5|26:0"
"82:21",1.43625363787654e-05,4,"20:5|20:5|20:5|22:6"
"86:23",1.43625363787654e-05,4,"20:5|22:6|22:6|22:6"
"92:16",1.32986435120431e-05,4,"22:5|22:5|22:6|26:0"
"92:21",1.32986435120431e-05,4,"22:5|22:5|22:6|26:5"
"92:22",1.32986435120431e-05,4,"22:5|22:5|22:6|26:6"
"66:8",1.18525410699314e-05,4,"12:0|14:0|20:4|20:4"
"66:9",1.06672869751909e-05,4,"12:0|14:0|20:4|20:5"
"86:4",1.05075709306472e-05,4,"18:0|20:4|22:0|26:0"
"86:1",1.05075688668092e-05,4,"16:0|18:1|26:0|26:0"
"86:2",1.05075688668092e-05,4,"18:1|18:1|24:0|26:0"
"84:0",1.05075688124976e-05,4,"16:0|18:0|24:0|26:0"
"88:5",1.05075688124976e-05,4,"18:1|20:4|24:0|26:0"
"90:10",1.05075688124976e-05,4,"18:1|20:4|26:0|26:5"
"90:11",1.05075688124976e-05,4,"18:1|20:4|26:0|26:6"
"90:17",8.86576234136209e-06,4,"20:0|22:5|22:6|26:6"
"70:12",8.00046513030854e-06,4,"12:0|16:1|20:5|22:6"
"72:14",8.00046504760293e-06,4,"12:0|20:4|20:5|20:5"
"90:23",7.97918603390531e-06,4,"22:5|22:6|22:6|24:6"
"92:17",7.97918603390531e-06,4,"22:5|22:6|22:6|26:0"
"92:23",7.97918603390531e-06,4,"22:5|22:6|22:6|26:6"
"90:9",7.88067827945272e-06,4,"20:4|22:0|22:5|26:0"
"90:12",7.88067827945272e-06,4,"20:4|22:3|22:5|26:0"
"90:18",7.88067827945272e-06,4,"20:4|22:3|22:5|26:6"
"90:13",7.88067827945272e-06,4,"20:4|22:4|22:5|26:0"
"90:18",7.88067827945272e-06,4,"20:4|22:4|22:5|26:5"
"90:6",7.88067669084051e-06,4,"18:1|22:5|24:0|26:0"
"92:11",7.88067669084051e-06,4,"18:1|22:5|26:0|26:5"
"92:12",7.88067669084051e-06,4,"18:1|22:5|26:0|26:6"
"92:15",7.38813535235782e-06,4,"22:5|22:5|22:5|26:0"
"92:20",7.38813535235782e-06,4,"22:5|22:5|22:5|26:5"
"56:0",7.11152485025443e-06,4,"12:0|14:0|14:0|16:0"
"60:3",5.92627065749251e-06,4,"12:0|14:0|16:1|18:2"
"62:6",5.33364354273252e-06,4,"12:0|14:0|16:1|20:5"
"64:7",5.33364354273252e-06,4,"12:0|14:0|16:1|22:6"
"64:7",5.33364354273252e-06,4,"12:0|14:0|18:2|20:5"
"86:3",5.25378554679091e-06,4,"18:1|20:0|22:2|26:0"
"88:2",5.25378443340458e-06,4,"18:1|18:1|26:0|26:0"
"86:0",5.25378440624882e-06,4,"16:0|18:0|26:0|26:0"
"88:4",5.25378440624882e-06,4,"16:0|20:4|26:0|26:0"
"88:1",5.25378440624882e-06,4,"18:0|18:1|26:0|26:0"
"90:5",5.25378440624882e-06,4,"18:1|20:4|26:0|26:0"
"68:11",4.80027914434961e-06,4,"12:0|14:0|20:5|22:6"
"90:7",4.72840597105509e-06,4,"18:1|22:6|24:0|26:0"
"92:13",4.72840597105509e-06,4,"18:1|22:6|26:0|26:6"
"92:18",4.72840597105509e-06,4,"18:1|22:6|26:5|26:6"
"92:6",3.94033834542025e-06,4,"18:1|22:5|26:0|26:0"
"92:10",3.94033832505343e-06,4,"18:0|22:5|26:0|26:5"
"92:9",3.94033832505343e-06,4,"20:4|22:5|24:0|26:0"
"92:14",3.94033832505343e-06,4,"20:4|22:5|24:0|26:5"
"92:14",3.94033832505343e-06,4,"20:4|22:5|24:5|26:0"
"92:19",3.94033832505343e-06,4,"20:4|22:5|24:5|26:5"
"94:14",3.94033832505343e-06,4,"20:4|22:5|26:0|26:5"
"94:15",3.94033832505343e-06,4,"20:4|22:5|26:0|26:6"
"94:20",3.94033832505343e-06,4,"20:4|22:5|26:5|26:6"
"74:16",3.6002092755566e-06,4,"12:0|20:5|20:5|22:6"
"76:17",3.6002092755566e-06,4,"12:0|20:5|22:6|22:6"
"80:20",3.59063409469135e-06,4,"20:5|20:5|20:5|20:5"
"88:24",3.59063409469135e-06,4,"22:6|22:6|22:6|22:6"
"60:4",3.55576240674819e-06,4,"12:0|14:0|14:0|20:4"
"78:18",3.19167504411904e-06,4,"18:3|20:5|20:5|20:5"
"58:2",2.96313532874625e-06,4,"12:0|14:0|16:1|16:1"
"88:3",2.62689223028017e-06,4,"18:1|18:2|26:0|26:0"
"90:4",2.62689218954653e-06,4,"18:0|20:4|26:0|26:0"
"90:8",2.62689218954653e-06,4,"20:4|20:4|24:0|26:0"
"66:10",2.40013957217481e-06,4,"12:0|14:0|20:5|20:5"
"92:7",2.36420298552754e-06,4,"18:1|22:6|26:0|26:0"
"94:16",2.36420297330745e-06,4,"20:4|22:6|26:0|26:6"
"94:21",2.36420297330745e-06,4,"20:4|22:6|26:5|26:6"
"92:5",1.97016916252672e-06,4,"18:0|22:5|26:0|26:0"
"94:9",1.97016916252672e-06,4,"20:4|22:5|26:0|26:0"
"94:19",1.97016916252672e-06,4,"20:4|22:5|26:5|26:5"
"56:1",1.77788122175312e-06,4,"12:0|14:0|14:0|16:1"
"94:11",1.77315224831073e-06,4,"22:5|22:6|24:0|26:0"
"94:17",1.77315224831073e-06,4,"22:5|22:6|24:0|26:6"
"94:22",1.77315224831073e-06,4,"22:5|22:6|24:5|26:6"
"94:17",1.77315224831073e-06,4,"22:5|22:6|24:6|26:0"
"94:22",1.77315224831073e-06,4,"22:5|22:6|24:6|26:5"
"94:23",1.77315224831073e-06,4,"22:5|22:6|24:6|26:6"
"96:16",1.77315224831073e-06,4,"22:5|22:6|26:0|26:5"
"96:17",1.77315224831073e-06,4,"22:5|22:6|26:0|26:6"
"96:22",1.77315224831073e-06,4,"22:5|22:6|26:5|26:6"
"60:5",1.60009308487459e-06,4,"12:0|14:0|14:0|20:5"
"90:24",1.59583719211695e-06,4,"22:6|22:6|22:6|24:6"
"92:24",1.59583719211695e-06,4,"22:6|22:6|22:6|26:6"
"94:10",1.47762688717015e-06,4,"22:5|22:5|24:0|26:0"
"96:15",1.47762688717015e-06,4,"22:5|22:5|26:0|26:5"
"96:21",1.47762688717015e-06,4,"22:5|22:5|26:5|26:6"
"88:0",1.31344611514008e-06,4,"16:0|20:0|26:0|26:0"
"90:1",1.31344611514008e-06,4,"18:1|20:0|26:0|26:0"
"92:8",1.31344609477326e-06,4,"20:4|20:4|26:0|26:0"
"72:15",1.20006975851887e-06,4,"12:0|20:5|20:5|20:5"
"64:8",1.06672879676582e-06,4,"12:0|14:0|18:3|20:5"
"90:2",1.0507569790105e-06,4,"18:1|22:1|24:0|26:0"
"90:3",1.0507569790105e-06,4,"18:1|22:2|24:0|26:0"
"54:0",8.91311132862561e-07,4,"12:0|12:0|14:0|16:0"
"96:11",8.86576124155363e-07,4,"22:5|22:6|26:0|26:0"
"96:23",8.86576124155363e-07,4,"22:5|22:6|26:6|26:6"
"70:13",8.00046579195341e-07,4,"12:0|18:3|20:5|20:5"
"96:10",7.38813443585076e-07,4,"22:5|22:5|26:0|26:0"
"96:20",7.38813443585076e-07,4,"22:5|22:5|26:5|26:5"
"64:9",6.68483330834968e-07,4,"12:0|12:0|20:4|20:5"
"90:0",6.56723054175572e-07,4,"18:0|20:0|26:0|26:0"
"92:4",6.56723054175572e-07,4,"20:0|20:4|26:0|26:0"
"94:12",5.91050749436909e-07,4,"20:0|22:6|26:0|26:6"
"94:18",5.31945669605181e-07,4,"22:6|22:6|24:0|26:6"
"94:18",5.31945669605181e-07,4,"22:6|22:6|24:6|26:0"
"94:24",5.31945669605181e-07,4,"22:6|22:6|24:6|26:6"
"96:18",5.31945669605181e-07,4,"22:6|22:6|26:0|26:6"
"92:1",5.25378489505251e-07,4,"18:1|22:0|26:0|26:0"
"92:2",5.25378489505251e-07,4,"18:1|22:1|26:0|26:0"
"92:3",5.25378489505251e-07,4,"18:1|22:2|26:0|26:0"
"94:13",5.25378486789675e-07,4,"20:4|22:3|26:0|26:6"
"94:13",5.25378486789675e-07,4,"20:4|22:4|26:0|26:5"
"94:6",5.25378380882207e-07,4,"18:1|24:0|26:0|26:5"
"94:7",5.25378380882207e-07,4,"18:1|24:0|26:0|26:6"
"96:12",5.25378380882207e-07,4,"18:1|26:0|26:5|26:6"
"94:5",4.92542295723384e-07,4,"20:0|22:5|26:0|26:0"
"58:4",4.45655564127776e-07,4,"12:0|12:0|14:0|20:4"
"96:13",3.94033869165621e-07,4,"22:2|22:5|26:0|26:6"
"94:8",3.94033869165621e-07,4,"22:3|22:5|24:0|26:0"
"96:13",3.94033869165621e-07,4,"22:3|22:5|26:0|26:5"
"96:14",3.94033869165621e-07,4,"22:3|22:5|26:0|26:6"
"96:19",3.94033869165621e-07,4,"22:3|22:5|26:5|26:6"
"96:14",3.94033869165621e-07,4,"22:4|22:5|26:0|26:5"
"58:3",3.71379635493422e-07,4,"12:0|12:0|16:1|18:2"
"60:6",3.34241668872741e-07,4,"12:0|12:0|16:1|20:5"
"62:7",3.34241668872741e-07,4,"12:0|12:0|16:1|22:6"
"62:7",3.34241668872741e-07,4,"12:0|12:0|18:2|20:5"
"66:11",3.00817499221261e-07,4,"12:0|12:0|20:5|22:6"
"96:24",2.6597283480259e-07,4,"22:6|22:6|26:6|26:6"
"92:0",2.62689243394838e-07,4,"18:0|22:0|26:0|26:0"
"94:4",2.62689243394838e-07,4,"20:4|22:0|26:0|26:0"
"94:1",2.62689190441104e-07,4,"18:1|24:0|26:0|26:0"
"96:6",2.62689190441104e-07,4,"18:1|26:0|26:0|26:5"
"96:7",2.62689190441104e-07,4,"18:1|26:0|26:0|26:6"
"96:9",2.62689189083316e-07,4,"20:4|24:0|26:0|26:5"
"98:15",2.62689189083316e-07,4,"20:4|26:0|26:5|26:6"
"54:1",2.22827784367392e-07,4,"12:0|12:0|14:0|16:1"
"56:2",2.22827784367392e-07,4,"12:0|12:0|14:0|18:2"
"58:5",2.0054500408785e-07,4,"12:0|12:0|14:0|20:5"
"96:5",1.9701693458281e-07,4,"22:0|22:5|26:0|26:0"
"96:8",1.9701693458281e-07,4,"22:3|22:5|26:0|26:0"
"98:10",1.97016893849169e-07,4,"22:5|24:0|26:0|26:5"
"98:11",1.97016893849169e-07,4,"22:5|24:0|26:0|26:6"
"98:16",1.97016893849169e-07,4,"22:5|24:0|26:5|26:6"
"98:16",1.97016893849169e-07,4,"22:5|24:5|26:0|26:6"
"98:21",1.97016893849169e-07,4,"22:5|24:5|26:5|26:6"
"98:16",1.97016893849169e-07,4,"22:5|24:6|26:0|26:5"
"98:17",1.97016893849169e-07,4,"22:5|24:6|26:0|26:6"
"98:22",1.97016893849169e-07,4,"22:5|24:6|26:5|26:6"
"100:16",1.97016893849169e-07,4,"22:5|26:0|26:5|26:6"
"64:10",1.50408749610631e-07,4,"12:0|12:0|20:5|20:5"
"68:12",1.50408749610631e-07,4,"12:0|12:0|22:6|22:6"
"94:0",1.31344594541658e-07,4,"18:0|24:0|26:0|26:0"
"96:4",1.31344594541658e-07,4,"20:4|24:0|26:0|26:0"
"98:9",1.31344594541658e-07,4,"20:4|26:0|26:0|26:5"
"98:14",1.31344594541658e-07,4,"20:4|26:0|26:5|26:5"
"98:20",1.31344594541658e-07,4,"20:4|26:5|26:5|26:6"
"98:12",1.18210135223271e-07,4,"22:6|24:0|26:0|26:6"
"98:18",1.18210135223271e-07,4,"22:6|24:6|26:0|26:6"
"98:23",1.18210135223271e-07,4,"22:6|24:6|26:5|26:6"
"100:17",1.18210135223271e-07,4,"22:6|26:0|26:5|26:6"
"98:5",9.85084469245843e-08,4,"22:5|24:0|26:0|26:0"
"100:10",9.85084469245843e-08,4,"22:5|26:0|26:0|26:5"
"100:11",9.85084469245843e-08,4,"22:5|26:0|26:0|26:6"
"100:15",9.85084469245843e-08,4,"22:5|26:0|26:5|26:5"
"100:21",9.85084469245843e-08,4,"22:5|26:5|26:5|26:6"
"100:22",9.85084469245843e-08,4,"22:5|26:5|26:6|26:6"
"96:1",8.75630634803679e-08,4,"18:1|26:0|26:0|26:0"
"62:8",6.68483393029588e-08,4,"12:0|12:0|18:3|20:5"
"52:0",6.68483362316196e-08,4,"12:0|12:0|14:0|14:0"
"94:2",6.56723115276035e-08,4,"20:0|22:2|26:0|26:0"
"94:3",6.56723115276035e-08,4,"20:0|22:3|26:0|26:0"
"98:6",5.91050676116354e-08,4,"22:6|24:0|26:0|26:0"
"98:24",5.91050676116354e-08,4,"22:6|24:6|26:6|26:6"
"100:12",5.91050676116354e-08,4,"22:6|26:0|26:0|26:6"
"100:18",5.91050676116354e-08,4,"22:6|26:0|26:6|26:6"
"100:23",5.91050676116354e-08,4,"22:6|26:5|26:6|26:6"
"56:3",4.45655605590857e-08,4,"12:0|12:0|14:0|18:3"
"96:0",4.37815315138859e-08,4,"18:0|26:0|26:0|26:0"
"98:4",4.37815315138859e-08,4,"20:4|26:0|26:0|26:0"
"98:19",4.37815315138859e-08,4,"20:4|26:5|26:5|26:5"
"100:5",3.28361489748614e-08,4,"22:5|26:0|26:0|26:0"
"100:20",3.28361489748614e-08,4,"22:5|26:5|26:5|26:5"
"96:2",2.62689267835025e-08,4,"22:0|22:2|26:0|26:0"
"96:3",2.62689267835025e-08,4,"22:0|22:3|26:0|26:0"
"96:3",2.62689267835025e-08,4,"22:1|22:2|26:0|26:0"
"98:7",2.62689213523498e-08,4,"22:1|24:0|26:0|26:6"
"98:13",2.62689213523498e-08,4,"22:1|24:6|26:0|26:6"
"98:7",2.62689213523498e-08,4,"22:2|24:0|26:0|26:5"
"98:8",2.62689213523498e-08,4,"22:2|24:0|26:0|26:6"
"98:13",2.62689213523498e-08,4,"22:2|24:0|26:5|26:6"
"98:13",2.62689213523498e-08,4,"22:2|24:5|26:0|26:6"
"98:13",2.62689213523498e-08,4,"22:2|24:6|26:0|26:5"
"100:13",2.62689213523498e-08,4,"22:2|26:0|26:5|26:6"
"98:8",2.62689213523498e-08,4,"22:3|24:0|26:0|26:5"
"98:13",2.62689213523498e-08,4,"22:3|24:5|26:0|26:5"
"100:14",2.62689213523498e-08,4,"22:3|26:0|26:5|26:6"
"100:6",1.97016892038785e-08,4,"22:6|26:0|26:0|26:0"
"100:24",1.97016892038785e-08,4,"22:6|26:6|26:6|26:6"
"56:4",1.86184995057715e-08,4,"12:0|12:0|12:0|20:4"
"98:0",1.31344606761749e-08,4,"22:0|24:0|26:0|26:0"
"98:1",1.31344606761749e-08,4,"22:1|24:0|26:0|26:0"
"100:7",1.31344606761749e-08,4,"22:1|26:0|26:0|26:6"
"98:2",1.31344606761749e-08,4,"22:2|24:0|26:0|26:0"
"100:7",1.31344606761749e-08,4,"22:2|26:0|26:0|26:5"
"100:8",1.31344606761749e-08,4,"22:2|26:0|26:0|26:6"
"100:19",1.31344606761749e-08,4,"22:2|26:5|26:6|26:6"
"98:3",1.31344606761749e-08,4,"22:3|24:0|26:0|26:0"
"100:8",1.31344606761749e-08,4,"22:3|26:0|26:0|26:5"
"100:9",1.31344606761749e-08,4,"22:3|26:0|26:0|26:6"
"100:19",1.31344606761749e-08,4,"22:3|26:5|26:5|26:6"
"100:9",1.31344606761749e-08,4,"22:4|26:0|26:0|26:5"
"102:11",1.31344579605991e-08,4,"24:0|26:0|26:5|26:6"
"102:16",1.31344579605991e-08,4,"24:5|26:0|26:5|26:6"
"102:17",1.31344579605991e-08,4,"24:6|26:0|26:5|26:6"
"52:1",9.30924984912106e-09,4,"12:0|12:0|12:0|16:1"
"54:2",9.30924984912106e-09,4,"12:0|12:0|12:0|18:2"
"56:5",8.37832478722072e-09,4,"12:0|12:0|12:0|20:5"
"58:6",8.37832478722072e-09,4,"12:0|12:0|12:0|22:6"
"102:5",6.56722898029955e-09,4,"24:0|26:0|26:0|26:5"
"102:6",6.56722898029955e-09,4,"24:0|26:0|26:0|26:6"
"102:10",6.56722898029955e-09,4,"24:0|26:0|26:5|26:5"
"102:12",6.56722898029955e-09,4,"24:0|26:0|26:6|26:6"
"102:10",6.56722898029955e-09,4,"24:5|26:0|26:0|26:5"
"102:15",6.56722898029955e-09,4,"24:5|26:0|26:5|26:5"
"102:21",6.56722898029955e-09,4,"24:5|26:5|26:5|26:6"
"102:22",6.56722898029955e-09,4,"24:5|26:5|26:6|26:6"
"102:12",6.56722898029955e-09,4,"24:6|26:0|26:0|26:6"
"102:18",6.56722898029955e-09,4,"24:6|26:0|26:6|26:6"
"102:22",6.56722898029955e-09,4,"24:6|26:5|26:5|26:6"
"102:23",6.56722898029955e-09,4,"24:6|26:5|26:6|26:6"
"104:11",6.56722898029955e-09,4,"26:0|26:0|26:5|26:6"
"104:16",6.56722898029955e-09,4,"26:0|26:5|26:5|26:6"
"104:17",6.56722898029955e-09,4,"26:0|26:5|26:6|26:6"
"50:0",5.58554998646088e-09,4,"12:0|12:0|12:0|14:0"
"100:0",4.37815355872496e-09,4,"22:0|26:0|26:0|26:0"
"100:1",4.37815355872496e-09,4,"22:1|26:0|26:0|26:0"
"100:2",4.37815355872496e-09,4,"22:2|26:0|26:0|26:0"
"100:3",4.37815355872496e-09,4,"22:3|26:0|26:0|26:0"
"100:4",4.37815355872496e-09,4,"22:4|26:0|26:0|26:0"
"104:10",3.28361449014978e-09,4,"26:0|26:0|26:5|26:5"
"104:12",3.28361449014978e-09,4,"26:0|26:0|26:6|26:6"
"104:22",3.28361449014978e-09,4,"26:5|26:5|26:6|26:6"
"102:0",2.18907632676652e-09,4,"24:0|26:0|26:0|26:0"
"102:20",2.18907632676652e-09,4,"24:5|26:5|26:5|26:5"
"102:24",2.18907632676652e-09,4,"24:6|26:6|26:6|26:6"
"104:5",2.18907632676652e-09,4,"26:0|26:0|26:0|26:5"
"104:6",2.18907632676652e-09,4,"26:0|26:0|26:0|26:6"
"104:15",2.18907632676652e-09,4,"26:0|26:5|26:5|26:5"
"104:18",2.18907632676652e-09,4,"26:0|26:6|26:6|26:6"
"104:21",2.18907632676652e-09,4,"26:5|26:5|26:5|26:6"
"104:23",2.18907632676652e-09,4,"26:5|26:6|26:6|26:6"
"54:3",1.86185012380069e-09,4,"12:0|12:0|12:0|18:3"
"104:0",5.47269081691629e-10,4,"26:0|26:0|26:0|26:0"
"104:20",5.47269081691629e-10,4,"26:5|26:5|26:5|26:5"
"104:24",5.47269081691629e-10,4,"26:6|26:6|26:6|26:6"
"48:0",1.75013903168559e-10,4,"12:0|12:0|12:0|12:0"
"102:1",0,4,"24:0|26:0|26:0|26:1"
"102:2",0,4,"24:0|26:0|26:0|26:2"
"102:3",0,4,"24:0|26:0|26:0|26:3"
"102:4",0,4,"24:0|26:0|26:0|26:4"
"102:2",0,4,"24:0|26:0|26:1|26:1"
"102:3",0,4,"24:0|26:0|26:1|26:2"
"102:4",0,4,"24:0|26:0|26:1|26:3"
"102:7",0,4,"24:0|26:0|26:1|26:6"
"102:4",0,4,"24:0|26:0|26:2|26:2"
"102:7",0,4,"24:0|26:0|26:2|26:5"
"102:8",0,4,"24:0|26:0|26:2|26:6"
"102:7",0,4,"24:0|26:0|26:3|26:4"
"102:8",0,4,"24:0|26:0|26:3|26:5"
"102:9",0,4,"24:0|26:0|26:3|26:6"
"102:8",0,4,"24:0|26:0|26:4|26:4"
"102:9",0,4,"24:0|26:0|26:4|26:5"
"102:3",0,4,"24:0|26:1|26:1|26:1"
"102:4",0,4,"24:0|26:1|26:1|26:2"
"102:7",0,4,"24:0|26:1|26:1|26:5"
"102:8",0,4,"24:0|26:1|26:1|26:6"
"102:7",0,4,"24:0|26:1|26:2|26:4"
"102:8",0,4,"24:0|26:1|26:2|26:5"
"102:9",0,4,"24:0|26:1|26:2|26:6"
"102:7",0,4,"24:0|26:1|26:3|26:3"
"102:8",0,4,"24:0|26:1|26:3|26:4"
"102:9",0,4,"24:0|26:1|26:3|26:5"
"102:9",0,4,"24:0|26:1|26:4|26:4"
"102:13",0,4,"24:0|26:1|26:6|26:6"
"102:7",0,4,"24:0|26:2|26:2|26:3"
"102:8",0,4,"24:0|26:2|26:2|26:4"
"102:9",0,4,"24:0|26:2|26:2|26:5"
"102:8",0,4,"24:0|26:2|26:3|26:3"
"102:9",0,4,"24:0|26:2|26:3|26:4"
"102:13",0,4,"24:0|26:2|26:5|26:6"
"102:14",0,4,"24:0|26:2|26:6|26:6"
"102:9",0,4,"24:0|26:3|26:3|26:3"
"102:13",0,4,"24:0|26:3|26:4|26:6"
"102:13",0,4,"24:0|26:3|26:5|26:5"
"102:14",0,4,"24:0|26:3|26:5|26:6"
"102:13",0,4,"24:0|26:4|26:4|26:5"
"102:14",0,4,"24:0|26:4|26:4|26:6"
"102:14",0,4,"24:0|26:4|26:5|26:5"
"102:1",0,4,"24:1|26:0|26:0|26:0"
"102:2",0,4,"24:1|26:0|26:0|26:1"
"102:3",0,4,"24:1|26:0|26:0|26:2"
"102:4",0,4,"24:1|26:0|26:0|26:3"
"102:7",0,4,"24:1|26:0|26:0|26:6"
"102:3",0,4,"24:1|26:0|26:1|26:1"
"102:4",0,4,"24:1|26:0|26:1|26:2"
"102:7",0,4,"24:1|26:0|26:1|26:5"
"102:8",0,4,"24:1|26:0|26:1|26:6"
"102:7",0,4,"24:1|26:0|26:2|26:4"
"102:8",0,4,"24:1|26:0|26:2|26:5"
"102:9",0,4,"24:1|26:0|26:2|26:6"
"102:7",0,4,"24:1|26:0|26:3|26:3"
"102:8",0,4,"24:1|26:0|26:3|26:4"
"102:9",0,4,"24:1|26:0|26:3|26:5"
"102:9",0,4,"24:1|26:0|26:4|26:4"
"102:13",0,4,"24:1|26:0|26:6|26:6"
"102:4",0,4,"24:1|26:1|26:1|26:1"
"102:7",0,4,"24:1|26:1|26:1|26:4"
"102:8",0,4,"24:1|26:1|26:1|26:5"
"102:9",0,4,"24:1|26:1|26:1|26:6"
"102:7",0,4,"24:1|26:1|26:2|26:3"
"102:8",0,4,"24:1|26:1|26:2|26:4"
"102:9",0,4,"24:1|26:1|26:2|26:5"
"102:8",0,4,"24:1|26:1|26:3|26:3"
"102:9",0,4,"24:1|26:1|26:3|26:4"
"102:13",0,4,"24:1|26:1|26:5|26:6"
"102:14",0,4,"24:1|26:1|26:6|26:6"
"102:7",0,4,"24:1|26:2|26:2|26:2"
"102:8",0,4,"24:1|26:2|26:2|26:3"
"102:9",0,4,"24:1|26:2|26:2|26:4"
"102:9",0,4,"24:1|26:2|26:3|26:3"
"102:13",0,4,"24:1|26:2|26:4|26:6"
"102:13",0,4,"24:1|26:2|26:5|26:5"
"102:14",0,4,"24:1|26:2|26:5|26:6"
"102:13",0,4,"24:1|26:3|26:3|26:6"
"102:13",0,4,"24:1|26:3|26:4|26:5"
"102:14",0,4,"24:1|26:3|26:4|26:6"
"102:14",0,4,"24:1|26:3|26:5|26:5"
"102:13",0,4,"24:1|26:4|26:4|26:4"
"102:14",0,4,"24:1|26:4|26:4|26:5"
"102:19",0,4,"24:1|26:6|26:6|26:6"
"102:2",0,4,"24:2|26:0|26:0|26:0"
"102:3",0,4,"24:2|26:0|26:0|26:1"
"102:4",0,4,"24:2|26:0|26:0|26:2"
"102:7",0,4,"24:2|26:0|26:0|26:5"
"102:8",0,4,"24:2|26:0|26:0|26:6"
"102:4",0,4,"24:2|26:0|26:1|26:1"
"102:7",0,4,"24:2|26:0|26:1|26:4"
"102:8",0,4,"24:2|26:0|26:1|26:5"
"102:9",0,4,"24:2|26:0|26:1|26:6"
"102:7",0,4,"24:2|26:0|26:2|26:3"
"102:8",0,4,"24:2|26:0|26:2|26:4"
"102:9",0,4,"24:2|26:0|26:2|26:5"
"102:8",0,4,"24:2|26:0|26:3|26:3"
"102:9",0,4,"24:2|26:0|26:3|26:4"
"102:13",0,4,"24:2|26:0|26:5|26:6"
"102:14",0,4,"24:2|26:0|26:6|26:6"
"102:7",0,4,"24:2|26:1|26:1|26:3"
"102:8",0,4,"24:2|26:1|26:1|26:4"
"102:9",0,4,"24:2|26:1|26:1|26:5"
"102:7",0,4,"24:2|26:1|26:2|26:2"
"102:8",0,4,"24:2|26:1|26:2|26:3"
"102:9",0,4,"24:2|26:1|26:2|26:4"
"102:9",0,4,"24:2|26:1|26:3|26:3"
"102:13",0,4,"24:2|26:1|26:4|26:6"
"102:13",0,4,"24:2|26:1|26:5|26:5"
"102:14",0,4,"24:2|26:1|26:5|26:6"
"102:8",0,4,"24:2|26:2|26:2|26:2"
"102:9",0,4,"24:2|26:2|26:2|26:3"
"102:13",0,4,"24:2|26:2|26:3|26:6"
"102:13",0,4,"24:2|26:2|26:4|26:5"
"102:14",0,4,"24:2|26:2|26:4|26:6"
"102:14",0,4,"24:2|26:2|26:5|26:5"
"102:13",0,4,"24:2|26:3|26:3|26:5"
"102:14",0,4,"24:2|26:3|26:3|26:6"
"102:13",0,4,"24:2|26:3|26:4|26:4"
"102:14",0,4,"24:2|26:3|26:4|26:5"
"102:14",0,4,"24:2|26:4|26:4|26:4"
"102:19",0,4,"24:2|26:5|26:6|26:6"
"102:3",0,4,"24:3|26:0|26:0|26:0"
"102:4",0,4,"24:3|26:0|26:0|26:1"
"102:7",0,4,"24:3|26:0|26:0|26:4"
"102:8",0,4,"24:3|26:0|26:0|26:5"
"102:9",0,4,"24:3|26:0|26:0|26:6"
"102:7",0,4,"24:3|26:0|26:1|26:3"
"102:8",0,4,"24:3|26:0|26:1|26:4"
"102:9",0,4,"24:3|26:0|26:1|26:5"
"102:7",0,4,"24:3|26:0|26:2|26:2"
"102:8",0,4,"24:3|26:0|26:2|26:3"
"102:9",0,4,"24:3|26:0|26:2|26:4"
"102:9",0,4,"24:3|26:0|26:3|26:3"
"102:13",0,4,"24:3|26:0|26:4|26:6"
"102:13",0,4,"24:3|26:0|26:5|26:5"
"102:14",0,4,"24:3|26:0|26:5|26:6"
"102:7",0,4,"24:3|26:1|26:1|26:2"
"102:8",0,4,"24:3|26:1|26:1|26:3"
"102:9",0,4,"24:3|26:1|26:1|26:4"
"102:8",0,4,"24:3|26:1|26:2|26:2"
"102:9",0,4,"24:3|26:1|26:2|26:3"
"102:13",0,4,"24:3|26:1|26:3|26:6"
"102:13",0,4,"24:3|26:1|26:4|26:5"
"102:14",0,4,"24:3|26:1|26:4|26:6"
"102:14",0,4,"24:3|26:1|26:5|26:5"
"102:9",0,4,"24:3|26:2|26:2|26:2"
"102:13",0,4,"24:3|26:2|26:2|26:6"
"102:13",0,4,"24:3|26:2|26:3|26:5"
"102:14",0,4,"24:3|26:2|26:3|26:6"
"102:13",0,4,"24:3|26:2|26:4|26:4"
"102:14",0,4,"24:3|26:2|26:4|26:5"
"102:13",0,4,"24:3|26:3|26:3|26:4"
"102:14",0,4,"24:3|26:3|26:3|26:5"
"102:14",0,4,"24:3|26:3|26:4|26:4"
"102:19",0,4,"24:3|26:4|26:6|26:6"
"102:19",0,4,"24:3|26:5|26:5|26:6"
"102:4",0,4,"24:4|26:0|26:0|26:0"
"102:7",0,4,"24:4|26:0|26:0|26:3"
"102:8",0,4,"24:4|26:0|26:0|26:4"
"102:9",0,4,"24:4|26:0|26:0|26:5"
"102:7",0,4,"24:4|26:0|26:1|26:2"
"102:8",0,4,"24:4|26:0|26:1|26:3"
"102:9",0,4,"24:4|26:0|26:1|26:4"
"102:8",0,4,"24:4|26:0|26:2|26:2"
"102:9",0,4,"24:4|26:0|26:2|26:3"
"102:13",0,4,"24:4|26:0|26:3|26:6"
"102:13",0,4,"24:4|26:0|26:4|26:5"
"102:14",0,4,"24:4|26:0|26:4|26:6"
"102:14",0,4,"24:4|26:0|26:5|26:5"
"102:7",0,4,"24:4|26:1|26:1|26:1"
"102:8",0,4,"24:4|26:1|26:1|26:2"
"102:9",0,4,"24:4|26:1|26:1|26:3"
"102:9",0,4,"24:4|26:1|26:2|26:2"
"102:13",0,4,"24:4|26:1|26:2|26:6"
"102:13",0,4,"24:4|26:1|26:3|26:5"
"102:14",0,4,"24:4|26:1|26:3|26:6"
"102:13",0,4,"24:4|26:1|26:4|26:4"
"102:14",0,4,"24:4|26:1|26:4|26:5"
"102:13",0,4,"24:4|26:2|26:2|26:5"
"102:14",0,4,"24:4|26:2|26:2|26:6"
"102:13",0,4,"24:4|26:2|26:3|26:4"
"102:14",0,4,"24:4|26:2|26:3|26:5"
"102:14",0,4,"24:4|26:2|26:4|26:4"
"102:13",0,4,"24:4|26:3|26:3|26:3"
"102:14",0,4,"24:4|26:3|26:3|26:4"
"102:19",0,4,"24:4|26:3|26:6|26:6"
"102:19",0,4,"24:4|26:4|26:5|26:6"
"102:19",0,4,"24:4|26:5|26:5|26:5"
"102:7",0,4,"24:5|26:0|26:0|26:2"
"102:8",0,4,"24:5|26:0|26:0|26:3"
"102:9",0,4,"24:5|26:0|26:0|26:4"
"102:7",0,4,"24:5|26:0|26:1|26:1"
"102:8",0,4,"24:5|26:0|26:1|26:2"
"102:9",0,4,"24:5|26:0|26:1|26:3"
"102:9",0,4,"24:5|26:0|26:2|26:2"
"102:13",0,4,"24:5|26:0|26:2|26:6"
"102:13",0,4,"24:5|26:0|26:3|26:5"
"102:14",0,4,"24:5|26:0|26:3|26:6"
"102:13",0,4,"24:5|26:0|26:4|26:4"
"102:14",0,4,"24:5|26:0|26:4|26:5"
"102:8",0,4,"24:5|26:1|26:1|26:1"
"102:9",0,4,"24:5|26:1|26:1|26:2"
"102:13",0,4,"24:5|26:1|26:1|26:6"
"102:13",0,4,"24:5|26:1|26:2|26:5"
"102:14",0,4,"24:5|26:1|26:2|26:6"
"102:13",0,4,"24:5|26:1|26:3|26:4"
"102:14",0,4,"24:5|26:1|26:3|26:5"
"102:14",0,4,"24:5|26:1|26:4|26:4"
"102:13",0,4,"24:5|26:2|26:2|26:4"
"102:14",0,4,"24:5|26:2|26:2|26:5"
"102:13",0,4,"24:5|26:2|26:3|26:3"
"102:14",0,4,"24:5|26:2|26:3|26:4"
"102:19",0,4,"24:5|26:2|26:6|26:6"
"102:14",0,4,"24:5|26:3|26:3|26:3"
"102:19",0,4,"24:5|26:3|26:5|26:6"
"102:19",0,4,"24:5|26:4|26:4|26:6"
"102:19",0,4,"24:5|26:4|26:5|26:5"
"102:7",0,4,"24:6|26:0|26:0|26:1"
"102:8",0,4,"24:6|26:0|26:0|26:2"
"102:9",0,4,"24:6|26:0|26:0|26:3"
"102:8",0,4,"24:6|26:0|26:1|26:1"
"102:9",0,4,"24:6|26:0|26:1|26:2"
"102:13",0,4,"24:6|26:0|26:1|26:6"
"102:13",0,4,"24:6|26:0|26:2|26:5"
"102:14",0,4,"24:6|26:0|26:2|26:6"
"102:13",0,4,"24:6|26:0|26:3|26:4"
"102:14",0,4,"24:6|26:0|26:3|26:5"
"102:14",0,4,"24:6|26:0|26:4|26:4"
"102:9",0,4,"24:6|26:1|26:1|26:1"
"102:13",0,4,"24:6|26:1|26:1|26:5"
"102:14",0,4,"24:6|26:1|26:1|26:6"
"102:13",0,4,"24:6|26:1|26:2|26:4"
"102:14",0,4,"24:6|26:1|26:2|26:5"
"102:13",0,4,"24:6|26:1|26:3|26:3"
"102:14",0,4,"24:6|26:1|26:3|26:4"
"102:19",0,4,"24:6|26:1|26:6|26:6"
"102:13",0,4,"24:6|26:2|26:2|26:3"
"102:14",0,4,"24:6|26:2|26:2|26:4"
"102:14",0,4,"24:6|26:2|26:3|26:3"
"102:19",0,4,"24:6|26:2|26:5|26:6"
"102:19",0,4,"24:6|26:3|26:4|26:6"
"102:19",0,4,"24:6|26:3|26:5|26:5"
"102:19",0,4,"24:6|26:4|26:4|26:5"
"104:1",0,4,"26:0|26:0|26:0|26:1"
"104:2",0,4,"26:0|26:0|26:0|26:2"
"104:3",0,4,"26:0|26:0|26:0|26:3"
"104:4",0,4,"26:0|26:0|26:0|26:4"
"104:2",0,4,"26:0|26:0|26:1|26:1"
"104:3",0,4,"26:0|26:0|26:1|26:2"
"104:4",0,4,"26:0|26:0|26:1|26:3"
"104:7",0,4,"26:0|26:0|26:1|26:6"
"104:4",0,4,"26:0|26:0|26:2|26:2"
"104:7",0,4,"26:0|26:0|26:2|26:5"
"104:8",0,4,"26:0|26:0|26:2|26:6"
"104:7",0,4,"26:0|26:0|26:3|26:4"
"104:8",0,4,"26:0|26:0|26:3|26:5"
"104:9",0,4,"26:0|26:0|26:3|26:6"
"104:8",0,4,"26:0|26:0|26:4|26:4"
"104:9",0,4,"26:0|26:0|26:4|26:5"
"104:3",0,4,"26:0|26:1|26:1|26:1"
"104:4",0,4,"26:0|26:1|26:1|26:2"
"104:7",0,4,"26:0|26:1|26:1|26:5"
"104:8",0,4,"26:0|26:1|26:1|26:6"
"104:7",0,4,"26:0|26:1|26:2|26:4"
"104:8",0,4,"26:0|26:1|26:2|26:5"
"104:9",0,4,"26:0|26:1|26:2|26:6"
"104:7",0,4,"26:0|26:1|26:3|26:3"
"104:8",0,4,"26:0|26:1|26:3|26:4"
"104:9",0,4,"26:0|26:1|26:3|26:5"
"104:9",0,4,"26:0|26:1|26:4|26:4"
"104:13",0,4,"26:0|26:1|26:6|26:6"
"104:7",0,4,"26:0|26:2|26:2|26:3"
"104:8",0,4,"26:0|26:2|26:2|26:4"
"104:9",0,4,"26:0|26:2|26:2|26:5"
"104:8",0,4,"26:0|26:2|26:3|26:3"
"104:9",0,4,"26:0|26:2|26:3|26:4"
"104:13",0,4,"26:0|26:2|26:5|26:6"
"104:14",0,4,"26:0|26:2|26:6|26:6"
"104:9",0,4,"26:0|26:3|26:3|26:3"
"104:13",0,4,"26:0|26:3|26:4|26:6"
"104:13",0,4,"26:0|26:3|26:5|26:5"
"104:14",0,4,"26:0|26:3|26:5|26:6"
"104:13",0,4,"26:0|26:4|26:4|26:5"
"104:14",0,4,"26:0|26:4|26:4|26:6"
"104:14",0,4,"26:0|26:4|26:5|26:5"
"104:4",0,4,"26:1|26:1|26:1|26:1"
"104:7",0,4,"26:1|26:1|26:1|26:4"
"104:8",0,4,"26:1|26:1|26:1|26:5"
"104:9",0,4,"26:1|26:1|26:1|26:6"
"104:7",0,4,"26:1|26:1|26:2|26:3"
"104:8",0,4,"26:1|26:1|26:2|26:4"
"104:9",0,4,"26:1|26:1|26:2|26:5"
"104:8",0,4,"26:1|26:1|26:3|26:3"
"104:9",0,4,"26:1|26:1|26:3|26:4"
"104:13",0,4,"26:1|26:1|26:5|26:6"
"104:14",0,4,"26:1|26:1|26:6|26:6"
"104:7",0,4,"26:1|26:2|26:2|26:2"
"104:8",0,4,"26:1|26:2|26:2|26:3"
"104:9",0,4,"26:1|26:2|26:2|26:4"
"104:9",0,4,"26:1|26:2|26:3|26:3"
"104:13",0,4,"26:1|26:2|26:4|26:6"
"104:13",0,4,"26:1|26:2|26:5|26:5"
"104:14",0,4,"26:1|26:2|26:5|26:6"
"104:13",0,4,"26:1|26:3|26:3|26:6"
"104:13",0,4,"26:1|26:3|26:4|26:5"
"104:14",0,4,"26:1|26:3|26:4|26:6"
"104:14",0,4,"26:1|26:3|26:5|26:5"
"104:13",0,4,"26:1|26:4|26:4|26:4"
"104:14",0,4,"26:1|26:4|26:4|26:5"
"104:19",0,4,"26:1|26:6|26:6|26:6"
"104:8",0,4,"26:2|26:2|26:2|26:2"
"104:9",0,4,"26:2|26:2|26:2|26:3"
"104:13",0,4,"26:2|26:2|26:3|26:6"
"104:13",0,4,"26:2|26:2|26:4|26:5"
"104:14",0,4,"26:2|26:2|26:4|26:6"
"104:14",0,4,"26:2|26:2|26:5|26:5"
"104:13",0,4,"26:2|26:3|26:3|26:5"
"104:14",0,4,"26:2|26:3|26:3|26:6"
"104:13",0,4,"26:2|26:3|26:4|26:4"
"104:14",0,4,"26:2|26:3|26:4|26:5"
"104:14",0,4,"26:2|26:4|26:4|26:4"
"104:19",0,4,"26:2|26:5|26:6|26:6"
"104:13",0,4,"26:3|26:3|26:3|26:4"
"104:14",0,4,"26:3|26:3|26:3|26:5"
"104:14",0,4,"26:3|26:3|26:4|26:4"
"104:19",0,4,"26:3|26:4|26:6|26:6"
"104:19",0,4,"26:3|26:5|26:5|26:6"
"104:19",0,4,"26:4|26:4|26:5|26:6"
"104:19",0,4,"26:4|26:5|26:5|26:5"
