,Nuclei_Control,Nuclei_Control,Nuclei_Control,Nuclei_KLA,Nuclei_KLA,Nuclei_KLA,Mitochondria_Control,Mitochondria_Control,Mitochondria_Control,Mitochondria_KLA,Mitochondria_KLA,Mitochondria_KLA,ER_Control,ER_Control,ER_Control,ER_KLA,ER_KLA,ER_KLA,Plasmalemma_Control,Plasmalemma_Control,Plasmalemma_Control,Plasmalemma_KLA,Plasmalemma_KLA,Plasmalemma_KLA,Dense Microsomes_Control,Dense Microsomes_Control,Dense Microsomes_Control,Dense Microsomes_KLA,Dense Microsomes_KLA,Dense Microsomes_KLA,Cytosol_Control,Cytosol_Control,Cytosol_Control,Cytosol_KLA,Cytosol_KLA,Cytosol_KLA,Whole cell homogenate_Control,Whole cell homogenate_Control,Whole cell homogenate_Control,Whole cell homogenate_KLA,Whole cell homogenate_KLA,Whole cell homogenate_KLA
,#1,#2,#3,#4,#5,#6,#7,#8,#9,#10,#11,#12,#13,#14,#15,#16,#17,#18,#19,#20,#21,#22,#23,#24,#25,#26,#27,#28,#29,#30,#31,#32,#33,#34,#35,#36,#37,#38,#39,#40,#41,#42
GPA(30:1),0.81091749,1.08513601,1.533164135,1.399345645,1.489582453,1.273891944,0.491116552,0.613298035,0.547516587,0.520223207,0.450851567,0.493280117,0.355101321,0.274973258,0.184373458,0.496029804,0.314214583,0.362127647,0.187001529,0.315599033,0.186154371,0.268892136,0.20672275,0.44232044,0.756748137,1.170598406,1.239172887,1.469079318,1.699944003,1.615340711,4.236017794,4.99328596,5.43244887,5.161979101,4.872507519,5.386025128,0.442726585,6.44E-05,0.418726496,0.438689647,0.37218116,0.593504847
GPA(30:0),8.26E-05,8.07E-05,7.67E-05,7.70E-05,7.45E-05,1.61E+00,4.09E-05,2.59E-05,8.76E-01,5.68E-01,1.91E-05,3.23E-05,1.50E-05,1.51E-05,3.03E-01,7.72E-01,3.43E-01,4.91E-01,1.18E-05,5.79E-01,3.05E-01,5.76E-01,5.51E-01,2.50E-01,6.03E-05,4.95E-05,4.26E-05,5.39E-05,4.92E-05,1.62E+00,3.76E-04,2.50E-04,2.99E-04,2.99E-04,2.44E-04,1.97E-04,5.66E-05,6.44E-05,4.29E-01,4.71E-01,3.09E-01,4.80E-05
GPA(32:4),8.26E-05,8.07E-05,7.67E-05,1.82E+00,7.45E-05,4.67E-05,4.09E-05,2.59E-05,3.01E-05,2.60E-05,1.91E-05,3.23E-05,1.50E-05,1.51E-05,1.28E-05,1.52E-05,1.57E-05,1.42E-05,1.18E-05,9.64E-06,9.31E-06,1.06E-05,9.47E-06,1.06E-05,6.03E-05,8.01E-01,4.18E-01,7.05E-01,9.84E-01,4.94E-05,2.25E+00,2.50E-04,2.77E+00,3.42E+00,3.06E+00,1.97E-04,5.66E-05,6.44E-05,5.48E-05,5.88E-05,4.99E-05,4.80E-05
GPA(32:1),3.75E-01,4.40E-01,7.67E-05,7.70E-05,7.45E-05,4.67E-05,3.50E-01,4.72E-01,3.39E-01,5.68E-01,4.86E-01,2.88E-01,1.50E-05,4.40E-01,2.57E-01,7.44E-01,6.57E-01,4.66E-01,2.36E-01,4.03E-01,3.72E-01,4.80E-01,3.96E-01,1.06E-05,5.81E-01,5.22E-01,5.19E-01,5.29E-01,4.92E-05,4.94E-05,3.76E-04,2.50E-04,2.99E-04,2.99E-04,2.44E-04,1.97E-04,3.09E-01,4.10E-01,3.69E-01,4.92E-01,3.54E-01,2.27E-01
GPA(32:0),2.10E+00,3.52E+00,3.62E+00,4.20E+00,3.39E+00,9.34E-01,8.93E-01,4.34E+00,1.64E+00,6.15E+00,3.81E+00,3.82E-01,1.39E+00,3.57E+00,1.33E+00,4.13E+00,2.26E+00,3.36E-01,2.36E+00,5.44E+00,3.55E+00,2.30E+00,3.10E+00,4.81E-01,1.21E+00,2.70E+00,1.32E+00,2.15E+00,2.06E+00,4.94E-05,3.76E-04,3.36E+00,1.58E+00,3.04E+00,2.70E+00,1.97E-04,1.75E+00,4.10E+00,2.49E+00,3.00E+00,2.63E+00,5.24E-01
GPA(34:2),0.195220877,0.278616003,0.334508539,0.321849498,0.270833173,0.254778389,0.200911317,0.226448505,0.219006635,0.160796264,0.159532093,0.105702882,0.23764473,0.164983955,0.018203962,0.330686536,0.057129924,0.150024311,0.081678829,0.168319484,0.142154247,0.180541863,0.091302548,0.121157338,0.449661937,0.180092062,0.131662119,0.254640415,0.24157099,0.358964603,0.614905809,0.453935087,0.380271421,0.407524666,0.31006866,0.000197488,0.195623375,0.19917107,0.139575499,0.160496212,0.108931071,0.148376212
GPA(34:1),1.1713253,1.61304,1.6725427,2.3788876,1.8958322,1.1889658,1.0417624,1.8870709,1.3140398,2.6957021,2.3236196,1.2332003,1.065304,1.5673476,1.1435822,3.0312932,2.5422816,1.7071732,0.9887437,1.6481283,1.4384656,1.9206581,1.8949585,1.2884987,1.8644519,1.9810127,1.6264144,2.6443428,2.6841221,1.5255996,1.8447174,1.7703468,1.7927081,3.0971875,2.8349135,2.2621306,1.1325564,1.6402323,1.1963614,1.9259545,1.4524143,0.9600814
GPA(34:0),1.35E+00,2.64E+00,2.37E+00,2.66E+00,1.76E+00,7.05E-01,7.44E-01,2.83E+00,1.26E+00,3.17E+00,1.98E+00,2.58E-01,9.29E-01,2.06E+00,7.23E-01,2.37E+00,1.14E+00,1.76E-01,1.46E+00,3.51E+00,2.20E+00,1.15E+00,1.55E+00,1.06E-05,7.90E-01,1.71E+00,9.29E-01,9.21E-01,1.07E+00,4.94E-05,3.76E-04,2.04E+00,1.14E+00,2.99E-04,1.11E+00,1.97E-04,1.13E+00,2.93E+00,1.79E+00,1.93E+00,1.36E+00,2.97E-01
GPA(36:3),8.26E-05,8.07E-05,7.67E-05,7.70E-05,7.45E-05,4.67E-05,4.09E-05,2.59E-05,3.01E-05,3.41E-01,1.91E-01,3.23E-05,1.50E-05,2.75E-01,1.28E-05,1.52E-05,1.57E-05,1.42E-05,1.20E-01,1.70E-01,1.66E-01,1.06E-05,1.64E-01,1.06E-05,6.03E-05,4.95E-05,4.26E-05,5.39E-05,4.92E-05,4.94E-05,3.76E-04,2.50E-04,2.99E-04,2.99E-04,2.44E-04,1.97E-04,5.66E-05,1.87E-01,5.48E-05,5.88E-05,4.99E-05,4.80E-05
GPA(36:2),0.8409515,1.75968,2.2300569,2.3788876,2.302082,1.953301,1.488232,0.7548284,1.4235431,1.1823255,0.5895751,0.6459621,0.901411,1.1548877,0.4901067,1.6534327,0.771254,1.3191793,0.6878217,1.0519968,0.8969256,1.2292212,1.1369751,0.6923276,1.8644519,2.1611047,1.6264144,1.8608338,1.9683562,2.0640465,4.1676949,3.9038418,3.8570387,4.9989692,3.6322329,5.7450935,0.8751572,0.5389335,0.5782414,0.5777864,0.4992674,0.9600814
GPA(36:1),1.651869,2.1996,2.230057,3.07856,2.708332,2.038227,1.41382,2.217308,1.587798,3.121339,2.427662,1.761715,2.431078,2.474759,1.960427,5.511442,3.713445,3.879939,1.762543,2.805325,2.369237,4.225448,3.617648,3.846265,2.961188,2.791427,2.865587,4.015483,3.936712,3.230681,2.527946,3.086759,2.770549,4.564276,4.208075,3.267522,1.544395,1.288754,1.794542,2.781934,2.360173,2.007443
GPA(36:0),4.66E-01,7.33E-01,8.50E-01,9.66E-01,7.31E-01,5.35E-01,2.98E-01,8.02E-01,4.87E-01,1.18E+00,6.94E-01,2.58E-01,4.64E-01,6.05E-01,4.20E-01,9.37E-01,7.14E-01,5.17E-01,4.94E-01,8.94E-01,6.43E-01,7.30E-01,6.72E-01,1.06E-05,7.02E-01,6.30E-01,3.95E-01,6.17E-01,2.59E-01,4.04E-01,3.76E-04,2.50E-04,5.43E-01,2.99E-04,2.44E-04,1.97E-04,4.02E-01,8.67E-01,5.88E-01,8.02E-01,5.45E-01,3.93E-01
GPA(38:5),8.56E-01,9.53E-01,1.81E+00,1.68E+00,1.90E+00,1.27E+00,4.84E-01,6.13E-01,5.26E-01,4.73E-01,4.16E-01,4.93E-01,1.50E-05,2.47E-01,2.57E-01,1.52E-05,3.14E-01,3.88E-01,1.96E-01,3.86E-01,2.88E-01,3.27E-01,2.41E-01,1.06E-05,1.32E+00,1.17E+00,7.74E-01,9.11E-01,9.84E-01,9.87E-01,3.07E+00,3.04E+00,3.80E+00,2.88E+00,3.14E+00,3.95E+00,5.66E-05,7.03E-01,4.98E-01,3.96E-01,3.99E-01,3.75E-01
GPA(38:4),3.45E-01,7.48E-01,7.67E-05,7.70E-05,7.45E-05,4.67E-05,3.65E-01,3.02E-01,2.90E-01,2.36E-01,2.64E-01,3.23E-05,1.50E-05,6.60E-01,4.90E-01,9.09E-01,5.71E-01,2.85E-01,4.30E-01,6.49E-01,5.08E-01,6.15E-01,9.47E-06,1.06E-05,9.65E-01,8.64E-01,6.51E-01,5.39E-05,4.92E-05,4.94E-05,3.76E-04,2.50E-04,2.99E-04,2.99E-04,2.44E-04,1.97E-04,5.66E-05,3.87E-01,4.98E-01,2.46E-01,2.27E-01,4.19E-01
GPA(38:3),4.81E-01,7.04E-01,1.02E+00,9.52E-01,7.31E-01,4.67E-05,2.16E-01,1.18E+00,4.22E-01,1.56E+00,8.32E-01,3.23E-05,7.38E-01,1.07E+00,6.77E-01,1.65E+00,8.86E-01,8.54E-01,6.66E-01,1.65E+00,1.13E+00,9.41E-01,1.15E+00,9.42E-01,4.17E-01,1.26E+00,6.27E-01,1.27E+00,5.28E-01,4.94E-05,1.71E+00,2.50E-04,1.96E+00,2.99E-04,1.11E+00,1.97E-04,6.07E-01,1.05E+00,9.27E-01,9.74E-01,6.17E-01,6.46E-01
GPA(38:2),8.26E-05,4.69E-01,7.67E-05,7.70E-05,7.45E-05,4.67E-05,3.50E-01,4.15E-01,3.56E-01,5.20E-01,1.32E-01,2.99E-01,1.50E-05,1.32E-01,2.22E-01,1.52E-05,2.57E-01,4.14E-01,1.40E-01,4.21E-02,6.09E-02,5.38E-01,4.48E-01,1.06E-05,6.03E-05,4.95E-05,4.26E-05,5.39E-05,4.92E-05,4.94E-05,3.76E-04,2.50E-04,2.99E-04,2.99E-04,2.44E-04,1.97E-04,5.66E-05,3.40E-01,1.30E-01,2.89E-01,2.36E-01,4.45E-01
GPA(38:1),8.26E-05,8.07E-05,7.67E-05,7.70E-05,7.45E-05,4.67E-05,4.09E-05,2.55E-01,3.01E-05,3.45E-01,2.57E-01,3.23E-05,1.50E-05,1.51E-05,1.28E-05,1.52E-05,3.14E-01,2.38E-01,1.57E-01,3.33E-01,2.20E-01,2.88E-01,2.58E-01,1.06E-05,6.03E-05,4.95E-05,4.26E-05,5.39E-05,4.92E-05,4.94E-05,3.76E-04,2.50E-04,2.99E-04,2.99E-04,2.44E-04,1.97E-04,5.66E-05,6.44E-05,2.09E-01,2.46E-01,2.72E-01,2.09E-01
GPA(40:6),8.26E-05,1.61E+00,1.67E+00,7.70E-05,7.45E-05,2.46E+00,4.09E-05,2.59E-05,3.01E-05,2.60E-05,1.56E+00,1.17E+00,1.50E-05,1.10E+00,1.21E+00,2.62E+00,2.14E+00,2.17E+00,8.81E-01,1.26E+00,1.20E+00,1.56E+00,1.22E+00,1.06E-05,2.08E+00,2.07E+00,1.78E+00,2.15E+00,4.92E-05,4.94E-05,3.76E-04,2.50E-04,2.99E-04,2.99E-04,2.44E-04,1.97E-04,5.66E-05,1.29E+00,9.97E-01,5.88E-05,1.27E+00,1.40E+00
GPA(40:4),8.26E-05,1.22E+00,7.67E-05,7.70E-05,7.45E-05,4.67E-05,6.40E-01,8.96E-01,6.57E-01,1.18E+00,1.21E+00,8.81E-01,1.50E-05,8.25E-01,5.37E-01,1.98E+00,1.09E+00,1.22E+00,6.45E-01,9.99E-01,7.28E-01,1.27E+00,1.12E+00,1.06E-05,6.03E-05,1.35E+00,4.26E-05,1.47E+00,4.92E-05,4.94E-05,3.76E-04,2.50E-04,2.99E-04,2.99E-04,2.75E+00,2.94E+00,5.66E-05,8.32E-01,8.18E-01,1.28E+00,8.99E-01,8.03E-01
GPA(40:3),7.36E-01,8.21E-01,7.67E-05,7.70E-05,7.45E-05,4.67E-05,4.32E-01,1.18E+00,4.43E-01,1.51E+00,9.02E-01,3.23E-05,1.50E-05,9.07E-01,5.13E-01,1.60E+00,8.28E-01,6.21E-01,6.45E-01,1.56E+00,9.48E-01,9.99E-01,9.65E-01,1.06E-05,6.03E-05,8.01E-01,4.26E-05,6.95E-01,4.92E-05,4.94E-05,3.76E-04,2.50E-04,2.99E-04,2.99E-04,2.44E-04,1.97E-04,5.66E-05,9.96E-01,7.88E-01,9.74E-01,7.26E-01,1.92E-01
GPA(40:1),8.26E-05,8.07E-05,7.67E-05,7.70E-05,7.45E-05,4.67E-05,4.09E-05,2.59E-05,3.01E-05,2.60E-05,1.91E-05,3.23E-05,1.50E-05,1.51E-05,1.28E-05,1.52E-05,1.57E-05,1.42E-05,1.18E-05,3.33E-01,2.03E-01,1.06E-05,2.24E-01,1.06E-05,6.03E-05,4.95E-05,4.26E-05,5.39E-05,4.92E-05,4.94E-05,3.76E-04,2.50E-04,2.99E-04,2.99E-04,2.44E-04,1.97E-04,5.66E-05,6.44E-05,5.48E-05,5.88E-05,4.99E-05,4.80E-05
GPA(40:0),8.26E-05,8.07E-05,7.67E-05,7.70E-05,7.45E-05,4.67E-05,4.09E-05,2.59E-05,3.01E-05,2.60E-05,1.91E-05,3.23E-05,1.50E-05,3.57E-01,4.20E-01,1.52E-05,4.86E-01,4.14E-01,3.65E-01,4.91E-01,5.42E-01,5.95E-01,4.13E-01,1.06E-05,6.03E-05,4.95E-05,4.26E-05,5.39E-05,4.92E-05,4.94E-05,3.76E-04,2.50E-04,2.99E-04,2.99E-04,2.44E-04,1.97E-04,5.66E-05,3.40E-01,3.89E-01,5.88E-05,4.99E-05,4.80E-05
GPCho(28:0),1.05E+00,1.47E+00,1.67E+00,3.50E+00,2.30E+00,2.21E+00,9.67E-01,1.32E+00,1.53E+00,2.55E+00,2.71E+00,1.64E+00,1.99E+00,1.68E+00,8.40E-01,2.01E+00,1.34E+00,1.11E+00,5.80E-01,1.93E+00,1.08E+00,1.57E+00,2.07E+00,3.46E+00,1.21E+00,1.35E+00,9.29E-01,2.25E+00,2.86E+00,1.97E+00,2.46E+00,4.22E+00,1.41E+00,3.80E+00,2.83E+00,2.41E+00,5.66E-05,7.38E-01,6.28E-01,1.18E+00,1.09E+00,1.13E+00
GPCho(32:2),2.40E+00,3.23E+00,4.60E+00,3.50E+00,3.66E+00,3.14E+00,2.83E+00,2.88E+00,4.49E+00,2.32E+00,3.26E+00,2.70E+00,2.29E+00,2.75E+00,3.50E+00,2.59E+00,2.74E+00,2.22E+00,1.29E+00,1.75E+00,1.86E+00,1.33E+00,2.07E+00,1.06E-05,3.73E+00,4.23E+00,5.27E+00,4.51E+00,5.28E+00,3.86E+00,4.24E+00,5.90E+00,4.94E+00,5.43E+00,5.76E+00,4.31E+00,2.47E+00,1.52E+00,1.79E+00,1.28E+00,1.27E+00,1.40E+00
GPCho(32:1),13.965801,19.0632,26.481926,32.18495,31.145815,26.3271,15.626436,17.455406,21.900663,18.444277,23.583005,20.553338,7.921491,20.348021,23.338412,27.281639,25.708466,18.88237,9.887437,14.903288,14.384656,16.709726,17.226896,13.461926,26.321674,30.615651,33.302771,41.134221,42.051246,30.511991,31.428519,36.314807,32.051448,47.816227,48.725075,34.470561,16.473547,10.77867,10.966646,11.769722,10.893107,10.473615
GPCho(32:0),6.457306,8.7984,8.223335,12.454176,11.51041,8.322761,5.506458,7.548284,7.117716,7.566883,7.976605,5.813659,4.643633,7.699251,6.534755,9.369452,8.283839,6.466565,7.737994,10.519968,8.461562,13.828738,10.852944,7.11559,9.212586,9.905063,7.280141,9.793862,7.515542,5.922916,10.931659,12.710182,8.691918,12.497423,11.073881,9.694845,7.104217,5.740813,4.685749,6.205854,5.446554,4.974967
GPCho(34:3),6.01E-01,6.75E-01,9.34E-01,7.70E-05,6.91E-01,8.15E-01,6.18E-01,6.13E-01,9.31E-01,4.11E-01,6.24E-01,6.46E-01,2.59E+00,1.51E-05,7.47E-01,1.52E-05,5.14E-01,4.91E-01,3.44E-01,6.66E-01,9.31E-06,1.06E-05,9.47E-06,1.06E-05,9.76E-01,1.17E+00,1.16E+00,8.32E-01,8.95E-01,8.53E-01,1.71E+00,2.50E-04,1.74E+00,2.99E-04,2.44E-04,1.72E+00,5.66E-05,3.87E-01,3.99E-01,2.14E-01,3.00E-01,4.80E-05
GPCho(34:2),5.706456,6.89208,11.429042,8.675943,9.072911,8.492613,6.920279,7.076516,9.307782,5.202232,6.936178,7.046859,3.004703,8.249198,9.335365,7.440447,7.71254,6.466565,3.654053,5.259984,5.4154,4.033382,4.478993,3.846265,12.064101,14.407365,17.038627,13.711407,14.315318,12.563761,15.031031,19.973144,16.840591,15.75762,15.946388,14.362734,8.030854,4.569219,4.685749,3.209924,3.08638,3.403925
GPCho(34:1),1.20E+01,1.47E+01,2.09E+01,7.70E-05,2.44E+01,2.04E+01,1.26E+01,1.46E+01,1.64E+01,1.42E+01,1.77E+01,1.70E+01,7.38E+00,1.76E+01,1.73E+01,1.96E+01,2.00E+01,1.58E+01,1.07E+01,1.60E+01,1.46E+01,1.67E+01,1.60E+01,1.12E+01,2.52E+01,2.88E+01,3.10E+01,3.23E+01,3.40E+01,2.69E+01,3.14E+01,4.04E+01,3.21E+01,4.13E+01,3.85E+01,3.41E+01,1.75E+01,9.96E+00,9.27E+00,9.42E+00,9.08E+00,8.73E+00
GPCho(34:0),4.354927,8.0652,9.61712,15.392802,11.51041,22.930055,6.622632,7.548284,12.592882,8.512743,4.855325,4.051944,1.720876,1.869818,2.310503,3.582437,5.141693,4.914589,5.803496,5.961315,4.907706,9.219159,5.340338,2.884699,1.864452,6.033084,8.519314,8.912415,4.205125,34.101637,5.875767,7.262961,5.975694,8.69386,7.087284,6.104162,3.603588,5.272175,4.486355,5.884861,5.355778,4.974967
GPCho(36:4),2.10E+00,2.49E+00,3.90E+00,4.20E+00,4.33E+00,3.74E+00,1.79E+00,2.22E+00,2.30E+00,2.51E+00,2.36E+00,2.23E+00,1.50E-05,1.87E+00,2.22E+00,2.45E+00,2.54E+00,2.02E+00,2.02E+00,2.45E+00,2.37E+00,3.46E+00,2.41E+00,1.06E-05,2.96E+00,3.42E+00,3.41E+00,4.21E+00,3.13E+00,2.78E+00,3.76E-04,2.50E-04,4.83E+00,2.99E-04,4.87E+00,3.59E+00,2.37E+00,1.87E+00,1.60E+00,1.82E+00,1.63E+00,1.75E+00
GPCho(36:3),4.35E+00,4.69E+00,6.83E+00,5.46E+00,4.87E+00,5.44E+00,5.13E+00,5.66E+00,6.57E+00,3.41E+00,4.86E+00,4.58E+00,6.56E+00,5.22E+00,5.13E+00,3.58E+00,4.00E+00,3.88E+00,2.58E+00,3.68E+00,3.38E+00,2.69E+00,2.24E+00,1.06E-05,8.01E+00,9.00E+00,1.08E+01,7.35E+00,7.52E+00,6.64E+00,9.57E+00,1.04E+01,1.09E+01,9.78E+00,7.09E+00,7.54E+00,2.57E+00,3.40E+00,3.19E+00,2.03E+00,2.09E+00,2.18E+00
GPCho(36:2),31.53568,41.0592,51.57007,36.38299,36.56248,40.76454,35.71757,37.26965,45.44388,22.70065,31.55961,36.40877,13.65774,41.24599,42.00914,27.28164,34.27795,33.62614,23.64387,29.80658,27.077,18.43832,16.88236,15.962,63.61071,75.63867,75.89934,54.84563,57.26127,54.7421,68.32287,90.78702,76.05428,54.33662,57.58418,61.04162,40.15427,24.60349,21.93329,14.97965,14.52414,18.32883
GPCho(36:1),2.40E+01,3.52E+01,7.67E-05,7.70E-05,7.45E-05,4.67E-05,2.60E+01,3.21E+01,3.50E+01,3.17E+01,3.81E+01,3.05E+01,8.47E+00,2.17E+01,2.57E+01,3.03E+01,3.71E+01,2.85E+01,2.06E+01,2.28E+01,2.03E+01,3.07E+01,2.07E+01,1.56E+01,3.40E+01,4.50E+01,3.56E+01,5.19E+01,4.65E+01,3.59E+01,3.55E+01,4.31E+01,3.86E+01,5.43E+01,5.32E+01,4.67E+01,1.96E+01,2.11E+01,1.89E+01,2.14E+01,2.00E+01,1.92E+01
GPCho(36:0),3.75E+00,5.87E+00,1.16E+01,1.82E+01,1.49E+01,1.27E+01,3.27E+00,4.72E+00,5.04E+00,8.04E+00,6.24E+00,3.58E+00,1.50E-05,1.51E-05,9.34E-01,6.06E-01,2.40E+00,2.35E+00,2.36E+00,1.75E+00,6.77E-01,3.46E+00,6.03E-01,1.06E-05,1.65E+00,2.43E+00,4.26E-05,2.06E+00,6.17E-01,4.94E-05,3.76E-04,2.50E-04,1.03E+00,1.90E+00,1.20E+00,1.26E+00,5.66E-05,2.69E+00,2.79E+00,4.92E+00,4.36E+00,3.32E+00
GPCho(38:6),14.26614,20.5296,26.48193,26.58757,28.43748,28.87488,13.39409,16.98364,19.16308,15.6067,19.76811,19.37886,10.65304,13.74866,15.87012,14.32975,19.42417,18.88237,15.90588,19.28661,16.2462,16.32559,13.09244,12.69267,19.74126,24.31243,21.68553,23.50527,23.26239,24.23011,21.18009,29.50578,27.70549,30.42851,29.678,32.67522,11.32556,11.71595,11.96361,10.69975,11.80087,13.96482
GPCho(38:5),6.46E+00,9.53E+00,1.00E+01,1.26E+01,1.03E+01,1.02E+01,5.80E+00,7.55E+00,8.21E+00,7.57E+00,6.59E+00,5.58E+00,9.29E+00,4.67E+00,4.90E+00,1.52E-05,5.43E+00,5.43E+00,7.74E+00,7.01E+00,5.92E+00,9.99E+00,6.55E+00,5.19E+00,6.91E+00,8.28E+00,5.65E+00,6.95E+00,5.55E+00,5.56E+00,1.02E+01,9.53E+00,7.61E+00,9.78E+00,7.09E+00,8.26E+00,4.22E+00,5.51E+00,5.68E+00,5.67E+00,5.36E+00,5.94E+00
GPCho(38:4),4.66E+00,6.16E+00,7.81E+00,5.04E+00,3.39E+00,5.69E+00,5.43E+00,6.13E+00,7.12E+00,4.16E+00,4.86E+00,3.93E+00,8.47E+00,3.02E+00,3.97E+00,3.86E+00,3.14E+00,3.10E+00,3.22E+00,2.28E+00,1.10E+00,1.79E+00,9.47E-06,1.06E-05,6.36E+00,7.47E+00,6.43E+00,4.31E+00,3.58E+00,4.76E+00,6.22E+00,9.08E+00,6.52E+00,5.98E+00,6.20E+00,6.46E+00,2.37E+00,3.87E+00,3.29E+00,2.57E+00,2.18E+00,2.44E+00
GPCho(38:2),8.26E+00,1.09E+01,1.20E+01,9.52E+00,8.26E+00,9.34E+00,9.67E+00,9.91E+00,1.04E+01,6.62E+00,8.67E+00,7.63E+00,7.38E+00,6.32E+00,7.00E+00,5.24E+00,6.57E+00,6.73E+00,5.59E+00,4.21E+00,3.38E+00,3.65E+00,9.47E-06,1.06E-05,1.01E+01,1.35E+01,1.08E+01,9.30E+00,8.77E+00,9.87E+00,1.30E+01,1.41E+01,1.20E+01,1.14E+01,1.02E+01,1.15E+01,5.25E+00,6.09E+00,5.88E+00,4.17E+00,4.08E+00,4.89E+00
GPCho(38:1),6.307136,11.4379201,8.6414706,9.3756158,8.531245,6.4543859,2.6788176,5.6612126,5.3656626,7.566883,4.5085157,2.9361912,6.2825618,6.0494117,7.9350602,6.8893028,6.5699413,8.0185407,12.8966572,9.8186366,12.0154185,11.7160145,9.8193306,8.4617823,8.1158496,5.762946,7.4350373,7.9330283,7.157659,7.9869624,7.5155154,11.8023123,6.5189386,9.2372258,6.2013732,5.7450935,3.9124675,0.2928986,1.2960582,0.3851909,6.0819848,0.672057
GPCho(38:0),1.65E+01,2.05E+01,3.21E+01,2.38E+01,2.44E+01,2.21E+01,2.16E+01,2.26E+01,2.90E+01,1.56E+01,2.08E+01,1.70E+01,3.55E+00,1.07E+01,1.33E+01,9.09E+00,1.26E+01,1.09E+01,8.38E+00,1.03E+01,8.80E+00,6.72E+00,6.03E+00,1.06E-05,1.97E+01,2.43E+01,2.32E+01,1.96E+01,1.97E+01,1.53E+01,2.19E+01,2.54E+01,2.44E+01,1.85E+01,2.17E+01,2.05E+01,1.01E+01,1.01E+00,8.57E-01,9.95E-01,2.00E-01,1.31E+00
GPCho(40:7),1.65E+01,4.99E+00,7.53E+00,4.62E+00,6.23E+00,3.74E+00,4.02E+00,3.92E+00,2.08E+01,2.98E+00,1.53E+01,1.47E+01,1.45E+01,1.04E+01,1.10E+01,7.72E+00,1.09E+01,1.35E+01,7.31E+00,1.14E+01,7.78E+00,1.06E-05,9.47E-06,1.06E-05,1.43E+01,1.98E+01,1.55E+01,1.47E+01,1.43E+01,1.62E+01,1.71E+01,2.32E+01,1.85E+01,2.01E+01,1.68E+01,2.12E+01,5.66E-05,1.07E+01,1.10E+01,7.70E+00,8.44E+00,1.22E+01
GPCho(40:6),1.65E+01,4.69E+00,5.99E+00,6.44E+00,7.45E+00,6.20E+00,3.13E+00,2.59E-05,2.35E+00,3.83E+00,3.43E+00,2.06E+00,1.42E+01,9.90E+00,9.10E+00,1.52E-05,1.40E+01,1.29E+01,6.23E+00,1.49E+00,1.18E+00,3.27E+00,9.47E-06,1.06E-05,1.21E+01,1.62E+01,1.24E+01,1.76E+01,1.61E+01,1.62E+01,1.37E+01,1.72E+01,1.58E+01,2.28E+01,2.04E+01,2.05E+01,6.28E+00,1.09E+01,1.10E+01,1.18E+01,1.27E+01,1.48E+01
GPCho(40:4),3.00E+00,8.07E-05,7.67E-05,7.70E-05,4.87E+00,3.99E+00,3.87E+00,2.59E-05,3.01E-05,2.60E-05,3.36E+00,2.70E+00,9.01E+00,1.51E-05,1.82E+00,1.52E-05,2.06E+00,1.94E+00,1.18E-05,9.64E-06,9.31E-06,1.06E-05,9.47E-06,1.06E-05,2.19E+00,2.97E+00,2.79E+00,3.13E+00,2.06E+00,3.68E+00,3.76E-04,2.50E-04,2.99E-04,2.99E-04,2.44E-04,6.10E+00,5.66E-05,1.87E+00,1.89E+00,1.82E+00,1.82E+00,2.09E+00
GPCho(40:2),1.34E+00,1.36E+00,2.51E+00,2.38E+00,1.27E+00,1.78E+00,1.49E+00,1.60E+00,2.19E+00,1.56E+00,1.49E+00,1.17E+00,1.50E-05,1.51E-05,1.28E-05,1.52E-05,8.57E-01,7.24E-01,4.73E-01,9.64E-06,9.31E-06,1.06E-05,9.47E-06,1.06E-05,1.97E+00,1.53E+00,1.39E+00,1.66E+00,4.92E-05,4.94E-05,3.76E-04,2.50E-04,2.99E-04,2.28E+00,2.44E-04,1.97E-04,5.66E-05,1.09E+00,9.97E-01,1.07E+00,9.99E-01,1.22E+00
GPCho(40:1),4.66E+00,6.01E+00,7.81E+00,6.16E+00,5.55E+00,5.61E+00,5.66E+00,6.13E+00,7.12E+00,4.30E+00,4.86E+00,3.70E+00,1.50E-05,2.69E+00,3.03E+00,1.52E-05,2.37E+00,2.46E+00,2.58E+00,2.45E+00,2.20E+00,1.06E-05,9.47E-06,1.06E-05,4.94E+00,5.76E+00,3.95E+00,3.23E+00,3.85E+00,3.05E+00,6.29E+00,4.99E+00,5.98E+00,3.69E+00,4.25E+00,3.09E+00,1.85E+00,2.58E+00,2.89E+00,1.93E+00,1.91E+00,2.27E+00
GPCho(42:2),8.86E+00,1.07E+01,1.20E+01,8.54E+00,6.91E+00,7.47E+00,9.67E+00,1.13E+01,1.10E+01,7.57E+00,6.59E+00,5.34E+00,1.50E-05,3.30E+00,3.73E+00,1.52E-05,3.71E+00,3.36E+00,3.65E+00,3.51E+00,2.54E+00,3.46E+00,9.47E-06,1.06E-05,6.58E+00,8.55E+00,6.97E+00,5.09E+00,4.92E+00,4.67E+00,3.76E-04,1.09E+01,9.24E+00,8.15E+00,4.87E+00,5.39E+00,3.19E+00,4.92E+00,5.08E+00,3.32E+00,3.09E+00,3.84E+00
GPCho(42:1),9.61E+00,1.09E+01,1.05E+01,9.80E+00,8.53E+00,8.41E+00,9.67E+00,1.09E+01,1.10E+01,8.04E+00,6.94E+00,5.87E+00,1.50E-05,3.30E+00,4.67E+00,1.52E-05,3.71E+00,4.40E+00,3.65E+00,3.68E+00,2.88E+00,2.50E+00,5.68E+00,1.06E-05,6.47E+00,8.19E+00,7.28E+00,5.97E+00,6.26E+00,5.83E+00,1.16E+01,1.36E+01,9.24E+00,6.52E+00,5.76E+00,7.54E+00,2.37E+00,4.33E+00,5.08E+00,3.32E+00,3.90E+00,4.36E+00
GPEtn(32:0),1.952208773,2.346240022,1.672542692,2.099018468,2.031248799,1.698522592,3.199698746,4.104379155,3.723112792,4.729301878,4.855324567,3.053638819,1.556982714,2.007304786,1.563673629,2.177019697,1.913852459,1.888237015,1.612082146,1.350062531,1.370773092,1.53652649,1.722689583,1.576968524,1.206410074,1.530782531,1.471517803,1.469079318,1.252590318,0.72690332,0.000375776,0.000249664,1.195138751,0.000298851,1.328865687,0.754043518,1.544395065,1.523072888,1.794542124,1.818957073,1.633966066,1.658322367
GPEtn(34:2),8.409515,8.94504,8.641471,8.396074,7.583329,7.728278,8.185276,10.37889,8.760265,9.931534,11.444694,10.570288,8.194646,11.82385,13.069511,12.125173,11.425985,11.89848,6.233384,5.961315,6.76925,5.95404,7.752103,11.731107,8.773891,10.805524,14.715178,10.773248,15.210025,12.563761,6.149058,7.716896,8.691918,8.150493,10.630925,9.694845,7.207177,5.506494,7.876046,6.205854,6.081985,7.418811
GPEtn(34:1),15.01699,16.1304,13.10158,19.59084,16.24999,14.43744,18.6029,21.70132,20.80563,26.01116,28.78514,22.90229,15.56983,18.42321,17.73719,22.87249,20.56677,20.17568,11.82194,11.39663,12.18465,15.36526,17.2269,23.07759,14.25757,14.40736,18.58759,17.62895,21.47298,17.94823,10.24843,11.34838,11.95139,16.84435,18.16116,14.36273,13.38476,10.89583,13.95755,12.8397,13.61638,14.83762
GPEtn(34:0),3.60E+00,3.81E+00,2.37E+00,3.22E+00,2.84E+00,2.46E+00,4.91E+00,6.13E+00,5.09E+00,7.09E+00,6.24E+00,4.52E+00,1.39E+00,1.24E+00,1.87E+00,1.30E+00,2.03E+00,2.04E+00,1.91E+00,1.75E+00,1.46E+00,1.86E+00,1.72E+00,1.73E+00,1.21E+00,1.62E+00,7.36E-01,5.39E-05,1.61E+00,7.27E-01,3.76E-04,2.50E-04,2.99E-04,2.99E-04,2.44E-04,1.97E-04,2.06E+00,2.11E+00,2.59E+00,2.78E+00,2.63E+00,3.40E+00
GPEtn(36:4),6.46E+00,6.45E+00,6.97E+00,6.58E+00,6.23E+00,4.50E+00,2.46E+00,8.02E+00,3.01E-05,3.03E+00,3.19E+00,5.58E+00,7.10E+00,8.52E+00,8.87E+00,8.54E+00,7.43E+00,6.47E+00,5.37E+00,5.08E+00,5.75E+00,6.15E+00,6.03E+00,6.92E+00,7.13E+00,6.84E+00,9.29E+00,7.35E+00,9.84E+00,8.97E+00,8.20E+00,9.08E+00,8.15E+00,7.06E+00,8.42E+00,6.82E+00,5.87E+00,4.57E+00,5.88E+00,2.57E+00,2.18E+00,4.89E+00
GPEtn(36:3),6.16E+00,7.04E+00,6.55E+00,5.74E+00,5.96E+00,6.03E+00,8.19E+00,8.02E+00,8.21E+00,8.04E+00,9.02E+00,7.63E+00,6.83E+00,8.52E+00,9.57E+00,9.09E+00,9.14E+00,9.05E+00,4.73E+00,5.08E+00,5.25E+00,4.80E+00,5.51E+00,8.27E+00,7.79E+00,8.37E+00,1.08E+01,8.32E+00,1.07E+01,9.87E+00,5.81E+00,7.26E+00,7.61E+00,2.99E-04,7.97E+00,7.54E+00,6.07E+00,4.80E+00,5.98E+00,5.35E+00,5.27E+00,5.32E+00
GPEtn(36:2),28.53228,29.328,27.87571,25.18822,20.31249,25.47784,24.55583,30.19313,26.2808,24.59237,25.66386,31.12363,27.31549,38.49626,37.34146,30.31293,28.56496,36.21276,19.55993,21.03994,22.00006,18.43832,20.67227,34.61638,33.99883,37.81933,48.01795,32.31974,42.05125,43.97316,32.11175,40.85416,41.82986,24.99485,40.75188,43.0882,24.71032,18.74551,22.93026,14.97965,16.33966,22.69283
GPEtn(36:1),2.10E+01,2.35E+01,1.95E+01,2.38E+01,2.17E+01,2.55E+01,2.68E+01,3.35E+01,2.74E+01,3.17E+01,3.81E+01,3.46E+01,1.88E+01,2.03E+01,1.98E+01,2.62E+01,2.54E+01,3.10E+01,1.44E+01,1.49E+01,1.59E+01,2.11E+01,2.24E+01,3.27E+01,1.86E+01,1.89E+01,2.09E+01,2.35E+01,3.04E+01,2.87E+01,1.43E+01,1.54E+01,1.68E+01,2.28E+01,2.57E+01,2.80E+01,1.96E+01,1.52E+01,5.48E-05,1.82E+01,1.82E+01,2.53E+01
GPEtn(36:0),6.307136,7.62528,7.247685,9.375616,9.614578,7.558426,9.673508,11.794193,9.855299,13.242045,13.872356,9.98305,5.463097,7.424278,6.301371,7.716019,7.141241,8.794529,6.233384,5.961315,6.938481,7.298501,7.752103,8.461782,6.361071,7.293729,7.125244,7.541274,8.410249,6.99981,6.285704,7.262961,6.518939,6.520395,8.416149,6.822298,5.868701,5.623654,8.175136,6.312851,6.081985,8.553452
GPEtn(38:6),3.003398112,2.932800027,2.508814039,2.938625855,2.572915146,1.783448722,1.488231975,4.576146874,3.77786445,4.540129803,4.50851567,3.934496171,3.004703482,2.612245954,3.033993608,3.858009589,2.34232689,0.594923991,1.590587717,2.454659147,2.200006197,2.304789735,1.722689583,2.884698519,2.851514719,2.881472999,3.252828827,2.938158636,2.773592846,2.423011067,0.000375776,0.000249664,3.150820345,0.000298851,2.436253759,2.836639901,2.676951446,2.460348511,0.907240741,0.802481062,2.360173206,1.92016274
GPEtn(38:5),9.911214,11.87784,10.453392,8.116205,6.635413,7.89813,15.626436,17.455406,15.330464,13.714975,15.6064,15.268194,7.375181,10.448984,11.669206,7.716019,7.998189,10.346504,7.737994,7.714643,7.446175,6.146106,6.718489,7.692529,10.309322,11.705984,13.166212,7.83509,9.841781,10.768938,6.832287,8.170832,9.778408,7.063761,8.859105,9.335777,11.325564,8.904118,10.966646,6.633843,6.535864,8.728012
GPEtn(38:4),19.52209,20.5296,19.513,16.79215,16.24999,15.2867,29.02052,31.13667,27.92335,26.48409,28.43833,26.42572,12.29197,17.87326,18.43735,15.70761,15.71073,20.17568,12.89666,12.79929,13.70773,11.90808,12.92017,15.38506,17.54778,19.81013,20.13656,16.64957,19.68356,18.84564,12.98134,16.7956,19.01357,11.95406,16.8323,17.59435,18.53274,15.23073,17.94542,12.8397,12.70862,14.83762
GPEtn(38:3),14.716651,16.1304,13.937856,12.734045,11.781243,11.889658,21.579364,22.644851,21.353147,21.754789,22.889387,16.442671,9.56042,10.723957,10.969054,10.747312,10.569036,12.415805,9.887437,9.643304,9.47695,8.642962,8.957986,10.769541,12.064101,11.705984,12.391729,9.793862,13.420611,11.66635,8.198744,9.986572,11.408143,9.780592,9.745015,11.849255,12.355161,10.310032,12.960582,9.73677,9.077589,11.346416
GPEtn(38:2),5.856626,6.45216,6.132657,5.877252,4.874997,5.690051,6.622632,7.548284,7.665232,8.039813,6.936178,5.872382,3.824168,3.574652,4.901067,4.133582,5.427343,7.501216,3.654053,3.857322,3.723087,3.457185,3.100841,5.769397,5.044988,5.312716,5.343933,4.701054,5.278773,6.551104,3.689435,3.631481,4.182986,3.640554,4.429552,5.386025,4.427266,3.631943,4.885142,3.637914,3.812587,5.935048
GPEtn(38:1),4.20E+00,3.96E+00,4.46E+00,3.92E+00,3.39E+00,4.50E+00,4.84E+00,5.66E+00,5.04E+00,5.20E+00,5.90E+00,5.64E+00,3.55E+00,4.67E+00,4.43E+00,3.58E+00,3.14E+00,5.17E+00,3.65E+00,3.51E+00,3.72E+00,3.27E+00,3.10E+00,1.06E-05,4.06E+00,3.60E+00,4.41E+00,3.62E+00,3.49E+00,3.86E+00,2.94E+00,4.09E+00,3.91E+00,2.99E-04,4.43E+00,3.95E+00,3.81E+00,3.51E+00,3.99E+00,2.46E+00,2.54E+00,4.19E+00
GPEtn(38:0),6.607476,9.67824,8.223335,9.095747,6.770829,8.322761,8.185276,10.37889,9.307782,9.931534,10.057458,9.395812,6.555717,10.174011,9.568749,8.818308,7.998189,9.311854,7.52305,8.415974,7.784637,7.490567,8.096641,10.000288,8.225523,8.914557,8.519314,7.83509,8.410249,8.974115,6.217381,9.078702,8.148673,7.063761,7.530239,7.540435,6.795338,6.795248,7.676652,6.205854,6.172761,7.06969
GPEtn(40:6),6.16E+00,7.04E+00,6.13E+00,5.74E+00,5.69E+00,5.94E+00,1.04E+01,1.27E+01,1.15E+01,1.14E+01,1.28E+01,1.06E+01,3.55E+00,4.95E+00,4.43E+00,4.68E+00,4.86E+00,6.98E+00,4.08E+00,3.86E+00,3.55E+00,3.65E+00,3.96E+00,4.81E+00,4.94E+00,5.49E+00,5.81E+00,5.29E+00,6.35E+00,6.82E+00,3.76E-04,2.50E-04,2.99E-04,2.99E-04,6.20E+00,1.97E-04,5.56E+00,5.04E+00,6.08E+00,4.71E+00,5.17E+00,5.59E+00
GPEtn(40:5),6.006796,6.74544,6.272035,7.416532,7.312496,7.728278,9.673508,11.794193,9.307782,12.769115,14.219165,11.157526,3.551013,4.124599,4.200914,4.684726,5.427343,7.242553,3.654053,3.857322,3.046162,4.033382,4.306724,5.384771,4.277272,4.77244,4.337105,4.99487,6.978717,6.910069,4.167695,4.993286,5.052177,5.433662,5.758418,7.899504,4.942064,4.21774,5.28393,5.135879,5.718881,6.72057
GPEtn(40:4),3.904417546,3.812640035,3.345085385,5.317513451,4.197914185,6.199607462,5.506458307,6.604748066,6.022682457,7.566883005,7.282986851,6.459620579,1.994030493,2.474759325,2.193810763,2.700606712,3.427795449,5.173252096,2.364387147,2.103993555,2.369237443,2.496855547,2.411765416,4.423204396,2.632167433,2.881472999,3.175380522,3.427851742,3.936712427,5.653692489,2.527946103,0.000249664,3.259469322,3.477543815,4.872507519,5.026956787,2.676951446,2.460348511,3.289993895,3.316921722,2.904828562,4.713126727
GPSer(34:2),4.20E-01,4.69E-01,8.92E-01,8.68E-01,7.18E-01,7.30E-01,5.73E-01,6.13E-01,6.02E-01,9.46E-01,4.16E-01,4.82E-01,1.50E-05,8.25E-01,8.64E-01,1.02E+00,6.86E-01,6.21E-01,7.52E-01,8.77E-01,1.03E+00,9.22E-01,8.44E-01,1.06E-05,7.13E-01,7.38E-01,7.20E-01,6.37E-01,4.92E-05,4.94E-05,3.76E-04,2.50E-04,2.99E-04,2.99E-04,2.44E-04,1.97E-04,5.66E-05,3.16E-01,4.29E-01,2.89E-01,3.09E-01,2.44E-01
GPSer(34:1),2.703058,3.07944,3.763221,3.778233,3.656248,2.63271,1.86029,2.500369,2.518576,3.830735,2.670429,1.761715,9.287265,5.499465,5.134451,6.613731,4.570394,3.879939,5.588551,6.487313,8.1231,8.066764,7.235296,6.53865,5.812703,3.962025,5.189036,4.701054,4.205125,3.499905,3.826081,3.4953,4.780555,4.781623,4.208075,3.590683,3.08879,2.343189,2.79151,2.139949,2.269397,2.182003
GPSer(34:0),4.20E-01,4.84E-01,6.13E-01,5.74E-01,4.74E-01,4.33E-01,2.68E-01,3.63E-01,3.83E-01,4.73E-01,3.47E-01,1.59E-01,5.74E-01,3.30E-01,4.20E-01,4.13E-01,3.43E-01,3.36E-01,6.66E-01,7.19E-01,7.78E-01,9.22E-01,5.51E-01,5.00E-01,2.08E-01,3.51E-01,1.32E-01,1.86E-01,4.92E-05,4.94E-05,3.76E-04,2.50E-04,2.99E-04,2.99E-04,2.44E-04,1.97E-04,5.66E-05,3.63E-01,3.79E-01,3.53E-01,3.72E-01,2.27E-01
GPSer(36:4),5.11E-01,6.01E-01,8.22E-01,8.26E-01,6.36E-01,6.88E-01,4.17E-01,5.66E-01,5.31E-01,6.62E-01,5.55E-01,3.52E-01,9.29E-01,5.77E-01,4.67E-01,6.34E-01,4.57E-01,3.36E-01,5.80E-01,8.59E-01,8.97E-01,8.64E-01,6.20E-01,1.06E-05,7.46E-01,5.49E-01,8.52E-01,6.07E-01,8.14E-01,4.94E-01,3.76E-04,2.50E-04,2.99E-04,2.99E-04,2.44E-04,1.97E-04,6.80E-01,3.51E-01,3.99E-01,3.32E-01,3.36E-01,2.97E-01
GPSer(36:2),2.703058,2.9328,3.623843,2.658757,2.572915,2.293005,1.86029,2.453192,2.29957,2.648409,2.080853,1.585543,7.375181,4.949519,4.434298,4.409154,2.856496,3.362614,4.943719,6.136648,7.107712,5.185777,4.651262,5.192457,4.82564,3.691887,4.801795,2.938159,2.863064,2.781976,3.621112,3.268333,4.23731,2.336475,1.949003,3.123895,3.19175,2.10887,2.592116,1.604962,1.724742,2.007443
GPSer(36:1),12.764442,14.664,15.331641,16.792148,14.895825,13.588181,8.929392,13.209496,10.950332,16.079626,10.751076,9.395812,40.973229,22.547807,20.304419,23.699202,16.282028,19.917021,25.793314,33.313231,33.846249,34.571846,25.840344,34.616382,24.128201,17.108746,18.587593,16.649566,14.315318,15.255996,21.180089,18.157403,19.013571,20.10455,17.275254,21.185032,13.384757,10.77867,12.960582,9.522775,9.985348,11.346416
GPSer(36:0),9.46E+00,1.19E+01,1.53E+01,1.96E+01,1.90E+01,1.61E+01,6.62E+00,8.96E+00,9.86E+00,9.93E+00,7.28E+00,5.81E+00,1.50E-05,1.70E+00,4.90E-01,4.41E-01,1.63E+00,5.43E-01,8.17E+00,9.47E+00,8.12E+00,9.03E+00,1.40E+00,1.15E+00,1.32E+01,1.08E+01,1.01E+01,1.18E+01,1.16E+01,1.35E+01,3.48E+01,3.22E+01,3.53E+01,4.02E+01,2.92E+01,5.03E+01,2.88E+00,2.23E+00,1.89E+00,3.00E+00,5.27E+00,5.94E+00
GPSer(38:5),9.76E-01,1.17E+00,1.53E+00,8.68E-01,1.34E+00,1.19E+00,6.77E-01,9.44E-01,8.21E-01,8.99E-01,7.28E-01,4.87E-01,1.23E+00,9.90E-01,8.40E-01,8.54E-01,6.00E-01,6.21E-01,1.07E+00,1.28E+00,1.35E+00,1.17E+00,8.10E-01,6.92E-01,1.21E+00,9.00E-01,1.08E+00,9.79E-01,1.16E+00,9.87E-01,3.76E-04,2.50E-04,2.99E-04,2.99E-04,2.13E+00,2.91E+00,4.53E-01,9.14E-01,4.89E-01,5.46E-01,8.26E-01,4.80E-05
GPSer(38:4),3.003398,3.37272,3.9026,3.498364,3.385415,2.717636,1.934702,2.736253,3.011341,3.263218,2.531705,1.585543,6.555717,3.849626,3.500762,3.85801,2.513717,3.103951,4.728774,5.961315,5.923094,4.993711,4.134455,4.423204,3.61923,3.061565,3.872415,2.546404,2.505181,2.153788,3.142852,3.35912,3.422443,3.260197,2.259072,2.441665,3.19175,2.10887,2.891207,2.032952,2.087846,2.618404
GPSer(38:3),1.8020389,2.05296,2.2300569,2.0990185,1.7604156,1.4437442,1.1905856,1.7455406,1.6973014,2.2227719,1.56064,0.8221335,4.3704778,2.6947379,2.8006095,2.4250346,1.8852875,1.7330395,4.0839414,4.0326543,4.5692436,3.6492504,2.5840344,2.8846985,2.3031465,1.8909667,2.3234492,1.5670179,1.5210025,1.2563761,2.3913004,1.8157403,2.1186551,2.2278015,1.6389343,2.3339442,1.6473547,1.5230729,1.8942389,1.1769722,1.1800866,1.3092019
GPSer(38:2),0.961087396,1.187784011,0.98958776,1.06350269,0.961457765,0.849261296,0.58041047,0.99071221,0.766523222,1.040446413,0.693617795,0.540259176,1.912084034,1.484855595,1.28361268,1.43297499,0.914078786,1.06051668,1.977487432,2.279326351,2.030774951,1.690179139,1.688235791,1.788513082,1.316083717,0.990506343,0.929379665,0.773715108,0.715765896,0.825618586,0.000375776,0.000249664,1.412436706,0.000298851,0.000243625,0.000197488,0.916341072,0.738104553,0.967058812,0.748982324,0.73528473,0.637144909
GPSer(38:1),0.660747585,0.747864007,0.836271346,0.923568126,0.947916106,1.019113555,0.565528151,0.802005122,0.657019904,1.087739432,0.901703134,0.47566297,1.994030493,1.044898382,0.770167608,1.240074511,0.799818938,1.034650419,1.375643431,1.735794683,1.624619961,1.767005464,1.15420202,1.807744406,1.063834338,0.648331425,0.85193136,0.714951935,0.814183707,0.69100686,0.000375776,0.000249664,0.000298785,0.000298851,0.000243625,0.000197488,0.628053993,0.585797265,0.638059422,0.577786364,0.644508837,0.672056959
GPSer(40:6),2.552888,2.34624,3.066328,2.518822,2.437499,1.783449,1.488232,2.170132,2.080563,2.648409,1.803406,1.174476,5.189942,3.574652,3.500762,3.031293,2.113807,2.431428,4.728774,5.084651,6.261556,4.033382,3.100841,3.653951,3.290209,2.701381,3.794967,1.958772,1.878885,1.794823,3.211175,2.269675,3.313794,2.771168,2.347663,2.477572,2.265113,1.991711,2.79151,1.604962,1.633966,1.745602
GPSer(40:5),1.8020389,2.05296,2.0906784,1.6792148,1.7604156,1.3588181,1.1905856,1.8398941,1.4782948,2.0335998,1.3178738,0.8808574,4.3704778,2.6672406,2.8006095,2.480149,1.7710276,1.8623708,4.2988857,4.0326543,4.4000124,3.073053,2.7563033,3.269325,2.6321674,2.0710587,2.5557941,1.5670179,1.5210025,1.166635,1.9813632,1.8157403,1.8470326,1.9561184,1.6389343,1.1849255,1.7503144,1.4059134,1.9939357,1.0699747,1.3616384,1.3092019
GPSer(40:4),0.855968462,0.835848008,1.017463471,1.06350269,0.974999424,1.104039685,0.61017511,0.802005122,0.766523222,0.993153394,0.797660465,0.47566297,2.15792341,1.484855595,1.353627917,1.267631722,0.885513824,1.06051668,1.719554289,1.928660758,2.030774951,1.843831788,1.515966833,1.903901023,1.316083717,0.990506343,1.084276276,0.724745797,0.89470737,0.870489161,1.093165882,0.000249664,1.195138751,0.000298851,0.885910458,0.000197488,0.792789467,0.702956717,0.857392348,0.641984849,0.635431248,0.776793109
GPSer(40:3),0.690781566,0.747864007,0.766582067,0.909574669,0.839582837,0.849261296,0.424146113,0.660474807,0.657019904,0.851274338,0.762979575,0.422811529,1.529667227,1.099893033,0.770167608,1.515646624,0.914078786,0.905319117,1.440126717,1.507862048,1.235388095,1.594146234,1.36092477,1.807744406,0.877389144,0.756386662,0.85193136,0.754127383,0.751554191,0.67305863,0.000375776,0.000249664,0.651893864,0.000298851,0.000243625,0.000197488,0.658941894,0.503785648,0.58821103,0.599185859,0.689896783,0.689512984
GPSer(40:2),3.90E-01,3.52E-01,3.76E-01,5.88E-01,4.06E-01,3.14E-01,2.31E-01,3.68E-01,3.12E-01,4.26E-01,2.67E-01,2.35E-01,1.09E+00,4.95E-01,5.13E-01,3.31E-01,3.71E-01,3.62E-01,8.17E-01,7.36E-01,7.45E-01,7.49E-01,4.13E-01,5.00E-01,5.70E-01,3.42E-01,4.26E-05,5.39E-05,4.92E-05,4.94E-05,3.76E-04,2.50E-04,2.99E-04,2.99E-04,2.44E-04,1.97E-04,2.47E-01,2.93E-01,2.99E-01,2.14E-01,2.54E-01,2.79E-01
GPSer(40:1),4.05E-01,2.93E-01,7.67E-05,5.74E-01,7.45E-05,4.67E-05,2.98E-01,3.54E-01,3.56E-01,5.20E-01,3.43E-01,3.23E-05,8.74E-01,3.85E-01,3.97E-01,6.06E-01,2.43E-01,3.36E-01,6.23E-01,6.66E-01,6.26E-01,7.11E-01,5.51E-01,6.15E-01,5.48E-01,4.95E-05,4.26E-05,5.39E-05,4.92E-05,4.94E-05,3.76E-04,2.50E-04,2.99E-04,2.99E-04,2.44E-04,1.97E-04,2.88E-01,2.46E-01,3.49E-01,3.10E-01,2.18E-01,2.53E-01
GPSer(40:0),5.56E-01,8.07E-01,8.08E-01,5.74E-01,6.50E-01,5.52E-01,4.24E-01,6.13E-01,4.38E-01,6.62E-01,4.86E-01,4.23E-01,7.38E-01,6.05E-01,5.13E-01,5.24E-01,4.28E-01,5.43E-01,5.80E-01,9.47E-01,5.42E-01,4.99E-01,4.31E-01,5.38E-01,4.61E-01,7.83E-01,7.05E-01,5.88E-01,4.92E-05,6.28E-01,3.76E-04,2.50E-04,2.99E-04,2.99E-04,2.44E-04,1.97E-04,5.15E-01,4.10E-01,4.79E-01,3.53E-01,2.72E-01,3.93E-01
GPSer(42:4),8.71E-01,7.33E-01,1.53E+00,1.54E+00,1.49E+00,1.36E+00,6.32E-01,8.49E-01,8.76E-01,8.51E-01,6.59E-01,5.87E-01,1.50E-05,4.40E-01,3.03E-01,3.58E-01,3.43E-01,4.14E-01,4.51E-01,5.44E-01,3.72E-01,6.53E-01,4.31E-01,4.04E-01,8.01E-01,8.37E-01,8.52E-01,9.79E-01,9.84E-01,1.08E+00,2.87E+00,2.77E+00,2.93E+00,3.26E+00,2.21E+00,2.91E+00,5.66E-05,3.28E-01,4.19E-01,4.71E-01,4.27E-01,4.36E-01
GPSer(42:3),4.96E-01,7.19E-01,7.81E-01,9.94E-01,9.89E-01,7.64E-01,3.94E-01,5.66E-01,5.42E-01,5.68E-01,4.16E-01,3.88E-01,1.50E-05,4.67E-01,3.50E-01,5.51E-01,3.71E-01,4.91E-01,4.51E-01,4.73E-01,5.42E-01,6.15E-01,4.48E-01,5.96E-01,9.98E-01,8.46E-01,8.52E-01,1.08E+00,1.16E+00,1.44E+00,3.21E+00,3.31E+00,2.50E+00,3.42E+00,2.66E+00,4.67E+00,5.66E-05,3.16E-01,4.29E-01,4.07E-01,3.54E-01,3.93E-01
GPSer(42:2),2.85E-01,4.11E-01,4.46E-01,6.72E-01,5.01E-01,5.77E-01,3.42E-01,5.19E-01,2.74E-01,4.73E-01,3.19E-01,3.23E-01,1.50E-05,2.20E-01,1.07E-01,2.26E-01,2.54E-01,2.85E-01,2.00E-01,4.21E-01,2.03E-01,4.03E-01,4.82E-01,1.06E-05,1.02E-01,1.80E-01,4.26E-05,4.31E-01,4.92E-05,4.94E-05,3.76E-04,2.50E-04,2.99E-04,2.99E-04,1.86E-01,1.97E-04,5.66E-05,2.93E-01,1.30E-01,5.88E-05,4.99E-05,3.14E-01
GPSer(42:1),3.75E-01,3.96E-01,7.67E-05,5.04E-01,5.15E-01,5.61E-01,2.83E-01,3.87E-01,3.89E-01,5.20E-01,3.81E-01,3.17E-01,1.50E-05,5.22E-01,1.49E-01,3.86E-01,3.43E-01,2.85E-01,2.79E-01,3.51E-01,2.71E-01,7.87E-01,3.10E-01,1.06E-05,6.03E-05,3.42E-01,5.73E-01,5.39E-05,4.92E-05,4.94E-05,3.76E-04,2.50E-04,2.99E-04,2.99E-04,2.44E-04,1.97E-04,5.66E-05,4.22E-01,2.59E-01,3.42E-01,3.99E-01,3.40E-01
GPSer(42:0),8.26E-05,8.07E-05,7.67E-05,7.70E-05,7.45E-05,4.67E-05,4.09E-05,1.60E-01,2.19E-01,3.55E-01,1.77E-01,1.76E-01,1.50E-05,1.51E-05,1.28E-05,1.52E-05,1.63E-01,2.07E-01,2.15E-01,2.63E-01,9.31E-06,2.50E-01,2.41E-01,1.06E-05,6.03E-05,4.95E-05,4.26E-05,5.39E-05,4.92E-05,4.94E-05,3.76E-04,2.50E-04,2.99E-04,2.99E-04,2.44E-04,1.97E-04,5.66E-05,6.44E-05,1.20E-01,1.50E-01,1.09E-01,1.57E-01
GPIns(34:2),8.26E-05,8.07E-05,7.67E-05,7.70E-05,7.45E-05,4.67E-05,4.09E-05,2.59E-05,1.15E-01,1.56E-01,9.71E-02,3.23E-05,1.50E-05,1.51E-05,7.23E-02,1.52E-05,7.43E-02,6.73E-02,1.18E-05,9.64E-06,7.62E-02,1.04E-01,6.72E-02,1.06E-05,6.03E-05,4.95E-05,4.26E-05,5.39E-05,4.92E-05,4.94E-05,3.76E-04,2.50E-04,2.99E-04,2.99E-04,2.44E-04,1.97E-04,5.66E-05,6.44E-05,5.48E-05,5.88E-05,4.99E-05,4.80E-05
GPIns(34:1),9.46E-02,1.03E-01,1.81E-01,3.36E-01,2.44E-01,1.87E-01,1.19E-01,2.12E-01,1.70E-01,4.73E-01,2.57E-01,1.23E-01,1.88E-01,1.46E-01,1.56E-01,2.76E-01,2.43E-01,1.09E-01,9.89E-02,1.49E-01,1.69E-01,3.07E-01,1.72E-01,1.06E-05,1.54E-01,4.95E-05,4.26E-05,5.39E-05,2.33E-01,4.94E-05,3.76E-04,2.50E-04,2.99E-04,2.99E-04,2.97E-01,1.97E-04,5.05E-01,7.50E-02,6.28E-02,1.18E-01,8.71E-02,6.98E-02
GPIns(36:5),0.12764442,0.175968,0.29269497,0.30785604,0.29791649,0.263271,0.08929392,0.11322425,0.12592882,0.10404464,0.10404267,0.0998305,0.04916788,0.06599358,0.04434298,0.05787014,0.06569941,0.07242553,0.05158663,0.08065309,0.05923094,0.08066764,0.05340338,0.05384771,0.18644519,0.18909667,0.1781311,0.16649566,0.25051806,0.27819757,0.64906724,0.72629614,0.59756938,0.70637609,0.53154627,0.82585719,0.05868701,0.05740813,0.06280897,0.05991859,0.06172761,0.07593371
GPIns(36:4),0.05255947,0.0527904,0.11010906,0.13993456,0.09343744,0.09341874,0.06324986,0.08491819,0.08212749,0.12296185,0.06589369,0.04580458,0.06282562,0.07424278,0.09101981,0.06613731,0.05427343,0.04397264,0.03224164,0.07013312,0.05753862,0.05377843,0.049958,0.07692529,0.12064101,0.09905063,0.09293797,0.09402108,0.09841781,0.05653692,0.19130403,0.27236105,0.21729795,0.21191283,0.1860412,0.1508087,0.17503144,0.03046146,0.03489387,0.02567939,0.02814053,0.02792964
GPIns(36:3),4.20E-02,8.07E-05,7.67E-05,7.70E-05,7.45E-05,1.36E-01,1.12E-01,3.44E-02,5.48E-02,7.09E-02,3.81E-02,1.41E-01,1.72E-01,1.51E-05,3.73E-02,5.79E-02,2.09E-02,2.59E-01,4.73E-02,1.47E-01,1.39E-01,2.30E-01,1.24E-01,1.40E-01,6.03E-05,1.53E-01,3.72E-01,3.04E-01,8.95E-01,1.79E-01,3.76E-04,4.99E-01,9.78E-01,2.99E-04,7.53E-01,3.95E-01,2.88E-02,6.44E-05,6.98E-02,1.07E-01,8.08E-02,9.60E-02
GPIns(36:2),0.2552888,0.351936,0.5017628,0.5877252,0.4197914,0.416138,0.4613519,0.6604748,0.6022682,1.0877394,0.5548942,0.3875772,0.5736252,0.6599358,0.676814,0.6338159,0.6284292,0.4655927,0.3439109,0.4207987,0.5246169,0.5569909,0.3962186,0.3269325,0.5264335,0.5852992,0.5421381,0.3623729,0.3220947,0.2961458,0.3552789,0.34953,0.4997853,0.1575762,0.4385257,0.294436,0.2059193,0.222603,0.2193329,0.1925955,0.1906294,0.1832883
GPIns(36:1),0.180203887,0.205296002,0.250881404,0.573731714,0.392708101,0.263271002,0.223234796,0.382131852,0.34493545,0.945860376,0.416170677,0.17617147,0.300470348,0.32996791,0.303399361,0.551144227,0.428474431,0.230209718,0.279427572,0.368198872,0.338462492,0.691436921,0.447899292,0.184620705,0.329020929,0.396202537,0.402731188,0.303609726,0.375777095,0.170508186,0.000375776,0.453935087,0.369406523,0.000298851,0.442955229,1.005391357,0.123551605,0.164023234,0.149545177,0.203295202,0.163396607,0.096008137
GPIns(36:0),3.00E-02,4.40E-02,4.74E-02,1.08E-01,8.26E-02,8.49E-02,3.05E-02,5.66E-02,5.20E-02,1.37E-01,8.67E-02,3.11E-02,3.55E-02,3.02E-02,1.68E-02,4.13E-02,4.57E-02,3.62E-02,1.91E-02,2.81E-02,4.06E-02,6.72E-02,3.27E-02,2.69E-02,1.43E-02,1.80E-02,4.03E-02,6.27E-02,4.92E-05,4.94E-05,3.76E-04,2.50E-04,2.99E-04,2.99E-04,2.44E-04,1.97E-04,1.44E-01,2.23E-02,1.60E-02,3.10E-02,3.81E-02,2.88E-02
GPIns(38:6),8.26E-05,3.08E-02,7.67E-05,6.16E-02,6.09E-02,3.31E-02,1.34E-02,3.07E-02,3.56E-02,3.64E-02,1.70E-02,3.23E-05,1.50E-05,1.51E-05,2.26E-02,1.52E-05,3.14E-02,1.42E-05,1.18E-05,1.75E-02,1.64E-02,2.11E-02,9.47E-06,1.06E-05,6.03E-05,4.95E-05,4.26E-05,5.39E-05,4.92E-05,4.94E-05,3.76E-04,2.50E-04,2.99E-04,2.99E-04,2.44E-04,1.97E-04,5.66E-05,6.44E-05,9.47E-03,2.03E-02,7.35E-03,4.80E-05
GPIns(38:5),9.46E-02,1.28E-01,1.53E-01,1.40E-01,9.89E-02,1.36E-01,1.34E-01,2.03E-01,2.14E-01,2.03E-01,1.01E-01,1.12E-01,1.50E-01,2.09E-01,2.10E-01,1.24E-01,1.29E-01,1.68E-01,9.89E-02,1.30E-01,1.44E-01,1.04E-01,7.58E-02,1.06E-05,1.54E-01,1.80E-01,2.09E-01,6.76E-02,4.92E-05,1.26E-01,3.76E-04,2.50E-04,2.39E-01,9.78E-02,2.44E-04,1.97E-04,5.66E-05,8.90E-02,7.18E-02,3.96E-02,4.99E-02,6.55E-02
GPIns(38:4),0.4054587,0.498576,0.5853899,0.335843,0.3249998,0.3227193,0.5878516,0.8491819,0.8212749,0.6148092,0.2913195,0.2525124,0.7102026,0.7149305,0.7701676,0.3306865,0.3142146,0.3621276,0.4728774,0.5610649,0.5584631,0.3073053,0.2239496,0.2692385,0.690944,0.7473821,0.7744831,0.284022,0.3489359,0.3769128,0.5739121,0.6355091,0.5975694,0.2662494,0.3277869,0.3949752,0.2162153,0.3163305,0.2990904,0.1497965,0.1361638,0.1571042
GPIns(38:3),0.4655267,0.498576,0.5993278,0.3778233,0.2708332,0.3481971,0.6548221,0.8491819,0.8212749,0.6148092,0.2774471,0.2642572,0.901411,0.7974224,0.7468292,0.3306865,0.3427795,0.3879939,0.601844,0.6311981,0.6938481,0.3265119,0.2411765,0.2884699,0.7896502,0.7924051,0.7589934,0.3036097,0.3399888,0.314094,0.6149058,0.5901156,0.6518939,0.3097187,0.3898006,0.351887,0.2676951,0.3514784,0.30906,0.1390967,0.1361638,0.1571042
GPIns(38:2),0.123139323,0.111446401,0.153316414,0.139934565,0.162499904,0.101911356,0.141382038,0.188707088,0.213531469,0.260111603,0.128319292,0.082213353,0.210329244,0.151235292,0.172704252,0.135030336,0.148537803,0.113811546,0.113920472,0.138512909,0.143846559,0.184383179,0.101638685,0.094233485,0.1535431,0.162082856,0.224600086,0.117526345,0.080523663,0.098715266,0.075155154,0.136180526,0.000298785,0.000298851,0.000243625,0.000197488,0.07516056,0.070295672,0.082748331,0.056708662,0.059912089,0.043640062
GPIns(38:1),8.26E-05,8.07E-05,7.67E-05,7.70E-05,7.45E-05,4.67E-05,4.09E-05,2.59E-05,3.01E-05,2.93E-02,1.70E-02,3.23E-05,1.50E-05,1.51E-05,1.28E-05,1.52E-05,1.57E-05,5.43E-03,1.03E-03,3.86E-03,9.31E-06,2.50E-02,1.62E-02,1.06E-05,6.03E-05,4.95E-05,4.26E-05,5.39E-05,4.92E-05,4.94E-05,3.76E-04,2.50E-04,2.99E-04,2.99E-04,2.44E-04,1.97E-04,5.66E-05,6.44E-05,5.48E-05,5.88E-05,4.99E-05,4.80E-05
GPIns(40:7),8.26E-05,8.07E-05,7.67E-05,7.28E-02,6.09E-02,4.67E-05,2.75E-02,3.16E-02,1.81E-02,4.07E-02,1.91E-05,3.23E-05,1.50E-05,1.51E-05,1.28E-05,1.52E-05,2.14E-02,1.42E-05,1.81E-02,9.64E-06,1.69E-02,1.06E-05,9.47E-06,1.06E-05,5.04E-02,4.95E-05,4.26E-05,5.39E-05,4.92E-05,4.94E-05,3.76E-04,2.50E-04,1.41E-01,2.99E-04,2.44E-04,1.97E-04,5.66E-05,3.05E-02,1.99E-02,1.18E-02,1.72E-02,4.80E-05
GPIns(40:6),4.96E-02,6.01E-02,1.27E-01,1.96E-01,1.08E-01,1.78E-01,5.43E-02,3.54E-02,5.20E-02,6.15E-02,3.09E-02,2.99E-02,1.50E-05,6.05E-02,5.83E-02,4.41E-02,4.28E-02,3.36E-02,2.36E-02,2.81E-02,2.88E-02,3.84E-02,1.72E-02,1.06E-05,8.77E-02,6.39E-02,5.89E-02,5.58E-02,4.92E-05,5.65E-02,1.84E-01,2.09E-01,2.01E-01,1.90E-01,2.57E-01,1.97E-04,5.66E-05,2.34E-02,1.20E-02,3.32E-02,1.18E-02,2.36E-02
GPIns(40:5),3.00E-02,4.11E-02,9.76E-02,5.04E-02,1.49E-01,9.34E-02,5.06E-02,5.66E-02,4.33E-02,1.28E-01,4.16E-02,3.58E-02,5.74E-02,6.05E-02,5.13E-02,5.79E-02,7.43E-02,7.24E-02,4.51E-02,4.73E-02,4.06E-02,7.49E-02,5.51E-02,1.06E-05,5.92E-02,6.03E-02,4.26E-05,4.60E-02,4.92E-05,4.94E-05,1.30E-01,2.50E-04,2.99E-04,2.99E-04,2.44E-04,1.97E-04,5.66E-05,3.63E-02,2.99E-02,2.03E-02,2.36E-02,2.36E-02
GPIns(40:4),4.81E-02,3.23E-02,7.67E-05,5.18E-02,7.45E-05,1.02E-01,3.27E-02,4.43E-02,6.57E-02,8.04E-02,3.47E-02,3.35E-02,4.92E-02,5.22E-02,6.77E-02,5.24E-02,6.00E-02,5.43E-02,3.22E-02,3.86E-02,3.38E-02,4.99E-02,3.62E-02,1.06E-05,4.50E-02,4.41E-02,6.51E-02,5.39E-05,4.92E-05,4.94E-05,3.76E-04,2.50E-04,2.55E-01,2.99E-04,2.04E-01,1.97E-04,5.66E-05,2.11E-02,1.79E-02,2.46E-02,2.09E-02,2.01E-02
GPIns(40:3),5.11E-02,8.07E-05,7.67E-05,1.11E-01,1.29E-01,8.49E-02,2.01E-02,3.07E-02,3.56E-02,6.15E-02,3.09E-02,2.82E-02,1.50E-05,1.51E-05,1.28E-05,3.03E-02,5.43E-02,4.91E-02,4.73E-02,2.63E-02,2.54E-02,3.46E-02,3.45E-02,1.06E-05,9.32E-02,7.11E-02,6.51E-02,5.39E-05,4.92E-05,4.94E-05,3.76E-04,2.50E-04,2.99E-04,2.99E-04,2.44E-04,3.12E-01,5.66E-05,1.87E-02,2.29E-02,2.25E-02,2.36E-02,1.92E-02
GPGro(32:1),0.705798556,0.542568005,0.529638519,1.399345645,1.11041601,1.273891944,0.513440031,0.330237403,0.481814597,0.756688301,0.450851567,0.763409705,0.259497119,0.32996791,0.256722536,0.551144227,0.314214583,0.240556223,0.322416429,0.490931829,0.507693738,0.403338204,0.499579979,0.480783087,0.361923022,0.396202537,0.402731188,0.519074692,1.342061055,1.076893808,0.000375776,0.000249664,0.000298785,0.000298851,0.000243625,0.000197488,0.257399178,0.187455125,0.219332926,0.449389395,0.435724284,0.645872922
GPGro(32:0),8.26E-05,3.96E-01,3.21E-01,9.66E-01,8.12E-01,5.27E-01,1.64E-01,3.40E-01,3.78E-01,1.28E+00,4.86E-01,3.82E-01,2.51E-01,2.53E-01,1.66E-01,4.41E-01,5.43E-01,3.88E-01,1.98E-01,2.98E-01,2.20E-01,6.15E-01,9.47E-01,4.81E-01,2.85E-01,2.52E-01,2.40E-01,4.70E-01,9.84E-01,4.31E-01,3.76E-04,2.50E-04,3.86E-01,2.99E-04,2.44E-04,1.04E+00,1.65E-01,1.17E-01,1.40E-01,4.28E-01,4.18E-01,4.28E-01
GPGro(34:3),8.26E-05,8.07E-05,7.67E-05,7.70E-05,7.45E-05,4.67E-05,4.09E-05,2.59E-05,3.01E-05,2.60E-05,1.91E-05,3.23E-05,1.48E-01,1.57E-01,1.35E-01,9.65E-02,9.43E-02,1.42E-01,1.33E-01,2.10E-01,1.69E-01,1.04E-01,1.45E-01,1.58E-01,2.52E-01,1.80E-01,1.94E-01,2.15E-01,4.92E-05,4.94E-05,3.76E-04,2.50E-04,2.99E-04,2.99E-04,2.44E-04,1.97E-04,5.66E-05,7.62E-02,1.10E-01,7.38E-02,6.45E-02,8.73E-02
GPGro(34:2),1.5016991,1.75968,3.0663283,2.3788876,2.302082,1.7834487,1.488232,2.4531921,2.1353147,2.3173579,2.0808534,1.5855432,1.4204053,1.5673476,1.1669206,1.6534327,1.0854686,1.3450455,1.2466769,1.7357947,1.8615437,1.4020804,1.6193282,1.5961998,2.0837992,1.9810127,2.8655873,2.3505269,2.8630636,3.0511991,2.3229775,2.3150689,2.7162244,2.2821381,2.3476627,2.6930126,1.4414354,0.86698,0.9969678,0.7703818,0.8714486,1.0473615
GPGro(34:1),1.651869,2.63952,4.599492,7.556466,5.95833,3.566897,4.985577,3.160844,3.504106,5.675162,4.855325,2.466401,2.048661,2.419765,1.867073,6.889303,2.685106,2.172766,2.794276,2.103994,2.7077,3.64925,5.340338,2.115446,3.509557,3.331703,4.801795,9.500046,3.489359,6.640845,4.645955,4.539351,5.432449,4.727286,3.942302,6.46323,1.956234,2.460349,1.694845,1.925955,2.087846,3.403925
GPGro(34:0),4.51E-01,6.89E-01,1.17E+00,2.94E+00,2.03E+00,1.02E+00,3.79E-01,9.91E-01,9.86E-01,2.32E+00,2.74E+00,5.58E-01,5.19E-01,8.52E-01,3.73E-01,7.44E-01,6.28E-01,4.14E-01,7.09E-01,6.31E-01,5.75E-01,1.21E+00,1.26E+00,3.65E-01,1.21E+00,9.00E-01,6.04E-01,1.76E+00,5.64E-01,4.94E-05,6.49E-01,4.99E-01,5.11E-01,1.63E+00,1.46E+00,5.03E-01,3.81E-01,2.81E-01,4.69E-01,6.95E-01,6.45E-01,7.68E-01
GPGro(36:4),8.26E-05,7.48E-01,7.67E-05,1.23E+00,7.45E-05,9.34E-01,4.09E-05,2.59E-05,3.01E-05,2.60E-05,1.91E-05,6.46E-01,1.50E-05,5.77E-01,4.90E-01,9.09E-01,7.14E-01,6.73E-01,5.37E-01,5.96E-01,7.95E-01,5.19E-01,6.37E-01,1.06E-05,8.66E-01,4.95E-05,1.08E+00,1.18E+00,6.71E-01,4.94E-05,3.76E-04,2.50E-04,2.99E-04,2.99E-04,2.44E-04,1.97E-04,5.66E-05,6.44E-05,3.79E-01,3.64E-01,3.81E-01,5.32E-01
GPGro(36:3),4.805437,6.74544,10.035256,6.856794,6.093746,6.029755,5.655282,6.604748,7.665232,7.093953,5.895751,5.167696,3.551013,4.674545,3.500762,4.409154,3.713445,4.914589,3.654053,4.909318,6.092325,3.841316,3.789917,4.807831,7.23846,6.303222,7.512486,6.36601,5.368244,8.525409,6.217381,6.809026,8.148673,5.379326,5.315463,7.899504,4.942064,2.460349,3.190297,2.139949,2.269397,3.316645
GPGro(36:2),16.51869,24.9288,34.844639,27.986913,25.729151,32.271929,19.347016,25.947225,25.185763,26.484091,25.663858,24.076768,13.657743,17.598289,12.836127,17.085471,13.996831,17.589057,12.681713,17.53328,20.30775,15.749397,14.642861,19.231323,21.934729,19.810127,20.136559,21.546497,20.57827,27.819757,17.763946,18.611339,20.100061,14.670888,14.174567,24.775716,14.414354,9.138437,10.966646,9.415778,10.893107,13.96482
GPGro(36:1),7.06E+00,1.23E+01,1.39E+01,2.52E+01,1.49E+01,1.27E+01,9.67E+00,1.51E+01,1.37E+01,2.36E+01,1.84E+01,1.12E+01,6.28E+00,7.15E+00,6.30E+00,1.10E+01,8.57E+00,1.03E+01,6.66E+00,8.07E+00,9.65E+00,9.41E+00,5.00E+00,6.54E+00,6.69E+00,6.48E+00,3.79E+00,4.99E+00,4.83E+00,4.04E+00,4.24E+00,3.77E+00,5.43E+00,5.11E+00,4.43E+00,3.20E+00,5.66E-05,5.16E+00,6.48E+00,7.38E+00,7.35E+00,4.71E+00
GPGro(38:5),1.95E+00,2.79E+00,3.90E+00,4.34E+00,3.52E+00,3.57E+00,2.31E+00,3.26E+00,3.07E+00,4.07E+00,3.26E+00,3.82E+00,1.28E+00,1.81E+00,1.38E+00,1.90E+00,1.46E+00,3.10E+00,1.76E+00,2.10E+00,2.71E+00,1.77E+00,1.62E+00,2.31E+00,1.75E+00,1.71E+00,1.86E+00,1.86E+00,4.92E-05,2.24E+00,3.76E-04,2.50E-04,1.68E+00,2.99E-04,1.24E+00,2.69E+00,1.34E+00,1.05E+00,1.60E+00,1.28E+00,1.36E+00,1.66E+00
GPGro(38:4),5.556287,9.09168,10.59277,10.914896,9.343744,11.040397,6.920279,8.963587,8.760265,13.242045,10.751076,8.808574,3.824168,4.674545,4.200914,6.062586,4.856044,8.277203,5.158663,6.311981,7.615406,5.185777,4.478993,6.346337,4.82564,4.682394,4.56945,5.582501,4.920891,6.910069,4.372664,4.993286,4.889204,4.34693,4.296666,6.104162,4.221347,3.046146,4.286962,4.065904,4.357243,6.022329
GPGro(38:3),12.313932,17.5968,18.119213,12.87398,10.69791,12.738919,14.88232,18.870709,16.425498,16.552557,14.565974,11.157526,7.102026,8.524171,7.93506,7.164875,5.998642,11.122492,10.53227,11.92263,14.215425,5.569909,5.168069,8.077156,9.32226,8.194189,7.667382,5.778379,5.905069,8.076704,8.198744,7.262961,8.691918,4.564276,5.315463,8.258572,6.795338,5.975132,8.573923,4.814886,5.809657,6.89513
GPGro(38:2),11.713253,19.0632,16.725427,16.792148,13.135409,14.437442,14.138204,21.229547,15.877981,26.01116,19.768107,11.744765,7.102026,8.249198,7.701676,9.369452,7.71254,11.122492,10.317326,10.870633,13.030806,7.298501,6.718489,7.884843,9.212586,8.104143,7.357589,8.618599,8.141837,8.974115,6.763964,6.809026,7.062184,7.063761,5.758418,7.540435,5.765742,6.209451,8.773317,6.633843,7.262071,8.728012
GPGro(38:1),1.65E+00,2.20E+00,2.09E+00,3.22E+00,3.25E+00,2.04E+00,1.71E+00,3.44E+00,2.30E+00,6.15E+00,3.81E+00,1.59E+00,1.31E+00,1.15E+00,9.34E-01,1.93E+00,1.57E+00,1.73E+00,7.52E-01,8.59E-01,9.31E-06,3.46E+00,1.41E+00,1.62E+00,1.54E+00,1.08E+00,1.08E+00,1.66E+00,8.68E-01,7.27E-01,3.76E-04,2.50E-04,9.78E-01,1.58E+00,1.20E+00,1.97E-04,2.06E-01,1.64E+00,1.30E+00,1.60E+00,1.54E+00,1.13E+00
GPGro(40:8),3.30E-01,7.77E-01,7.67E-05,7.70E-05,7.45E-05,4.67E-05,4.99E-01,7.08E-01,7.12E-01,1.09E+00,6.94E-01,5.17E-01,1.50E-05,3.57E-01,1.28E-05,1.52E-05,1.57E-05,3.36E-01,4.08E-01,3.86E-01,5.25E-01,1.06E-05,9.47E-06,1.06E-05,6.03E-05,4.95E-05,4.26E-05,5.39E-05,4.92E-05,4.94E-05,3.76E-04,2.50E-04,2.99E-04,2.99E-04,2.44E-04,1.97E-04,5.66E-05,6.44E-05,3.39E-01,2.46E-01,3.18E-01,3.75E-01
GPGro(40:7),3.153568018,5.279040049,6.411413654,4.3379715,3.791664425,4.50108487,4.390284326,7.076515785,6.022682457,5.675162254,4.855324567,3.875772347,2.021345979,3.024705841,3.033993608,1.984119217,1.771027649,3.362613863,3.224164291,3.857321517,4.569243639,1.920658113,1.722689583,2.50007205,3.070862005,3.241657124,3.097932217,2.350526909,2.236768424,3.140940272,0.000375776,3.177545611,3.096495856,0.000298851,2.303367191,3.375242414,2.162153091,2.226029605,3.289993895,1.604962124,1.906293744,2.792963986
GPGro(40:6),2.703058301,3.959280037,4.460113847,4.058102371,3.520831252,3.821675833,3.646168339,5.661212628,3.887367768,5.675162254,4.50851567,3.229810289,1.529667227,2.172288741,2.030441876,1.901447583,1.713897725,3.362613863,2.364387147,3.331323128,3.215393672,1.613352815,1.688235791,2.50007205,2.303146504,1.981012687,1.781311025,1.958772424,1.78941474,2.961457971,0.000375776,1.77034684,2.010006082,2.06479164,2.037594053,2.65710573,1.853274078,1.757391793,2.293026048,1.390967174,1.724741959,2.792963986
GPGro(40:5),2.1023787,3.22608,2.7875712,2.6587567,2.302082,2.7176361,2.6788176,3.3495508,2.573328,3.4523904,2.9131947,2.4076768,1.065304,1.5948449,1.3069511,1.4605322,1.1140335,2.0693008,2.0634651,1.9286608,2.3692374,0.9603291,0.8957986,1.7115878,1.535431,1.5307825,1.3166212,1.2732021,1.1631196,1.7050819,1.8447174,1.1348377,1.4667612,0.9237226,1.018797,1.5439939,0.7413096,1.1598786,1.6948453,0.930878,1.1800866,1.6583224
GPGro(40:4),2.10E+00,2.79E+00,2.37E+00,2.38E+00,2.03E+00,2.04E+00,2.46E+00,3.40E+00,2.30E+00,3.74E+00,2.74E+00,2.23E+00,1.17E+00,1.40E+00,1.31E+00,1.57E+00,1.31E+00,2.10E+00,1.98E+00,1.63E+00,2.03E+00,9.99E-01,1.07E+00,1.33E+00,1.43E+00,1.35E+00,1.16E+00,1.18E+00,1.34E+00,1.17E+00,8.88E-01,2.50E-04,1.74E+00,2.99E-04,1.06E+00,1.51E+00,5.66E-05,1.04E+00,1.50E+00,1.01E+00,1.09E+00,1.57E+00
GPGro(40:3),1.80E+00,2.35E+00,1.95E+00,1.68E+00,1.62E+00,1.78E+00,2.16E+00,2.97E+00,2.08E+00,3.12E+00,2.18E+00,1.59E+00,1.15E+00,1.32E+00,1.10E+00,1.13E+00,9.14E-01,1.81E+00,1.63E+00,1.61E+00,1.86E+00,7.11E-01,8.44E-01,1.06E+00,1.10E+00,1.17E+00,9.29E-01,1.08E+00,4.92E-05,4.94E-05,1.16E+00,2.50E-04,1.09E+00,2.99E-04,2.44E-04,1.15E+00,5.66E-05,9.37E-01,1.40E+00,7.38E-01,7.99E-01,1.66E+00
GPGro(40:2),8.11E-01,1.19E+00,1.23E+00,1.39E+00,9.61E-01,8.49E-01,8.19E-01,1.18E+00,9.31E-01,1.89E+00,1.11E+00,7.63E-01,3.55E-01,6.05E-01,5.60E-01,9.65E-01,6.86E-01,6.98E-01,6.88E-01,5.79E-01,7.95E-01,5.76E-01,3.45E-01,5.00E-01,5.59E-01,5.31E-01,4.26E-05,5.88E-01,4.92E-05,4.94E-05,3.76E-04,2.50E-04,2.99E-04,2.99E-04,2.44E-04,1.97E-04,5.66E-05,4.57E-01,6.08E-01,5.24E-01,4.36E-01,5.15E-01
CL (66:5),8.26E-05,8.07E-05,7.67E-05,7.70E-05,7.45E-05,4.67E-05,1.41E-01,3.02E-02,4.54E-02,2.79E-02,2.74E-02,2.11E-02,1.50E-05,1.51E-05,1.28E-05,1.52E-05,1.57E-05,1.42E-05,1.18E-05,9.64E-06,9.31E-06,1.06E-05,9.47E-06,1.06E-05,6.03E-05,4.95E-05,4.26E-05,5.39E-05,4.92E-05,4.94E-05,3.76E-04,2.50E-04,2.99E-04,2.99E-04,2.44E-04,1.97E-04,5.66E-05,6.44E-05,5.48E-05,5.88E-05,4.99E-05,4.80E-05
CL (66:4),1.65E-01,1.61E-01,3.90E-02,5.04E-02,3.52E-02,3.48E-02,1.12E+00,2.64E-01,3.39E-01,2.27E-01,2.22E-01,2.06E-01,2.54E-02,9.35E-02,3.27E-02,1.98E-02,1.86E-02,2.20E-02,1.18E-05,9.64E-06,9.31E-06,1.06E-05,9.47E-06,1.06E-05,6.03E-05,4.95E-05,4.26E-05,5.39E-05,4.92E-05,4.94E-05,3.76E-04,2.50E-04,2.99E-04,2.99E-04,2.44E-04,1.97E-04,2.27E-01,1.64E-01,2.19E-01,1.39E-01,7.99E-02,8.64E-02
CL (66:3),7.66E-02,5.57E-02,9.62E-03,3.08E-02,2.44E-02,1.27E-02,8.19E-01,1.65E-01,1.81E-01,2.51E-01,2.39E-01,1.70E-01,4.92E-03,4.12E-02,1.52E-02,1.38E-02,8.57E-03,2.85E-02,1.18E-05,9.64E-06,9.31E-06,1.06E-05,9.47E-06,1.06E-05,6.03E-05,4.95E-05,4.26E-05,5.39E-05,4.92E-05,4.94E-05,3.76E-04,2.50E-04,2.99E-04,2.99E-04,2.44E-04,1.97E-04,1.13E-01,5.86E-02,8.57E-02,7.60E-02,7.44E-02,5.41E-02
CL (66:2),2.25E-02,1.29E-02,1.00E-02,1.54E-02,1.35E-02,2.63E-03,4.09E-05,2.59E-05,3.01E-05,2.32E-02,1.66E-02,3.23E-05,1.50E-05,1.51E-05,1.28E-05,1.52E-05,1.57E-05,1.42E-05,1.18E-05,9.64E-06,9.31E-06,1.06E-05,9.47E-06,1.06E-05,6.03E-05,4.95E-05,4.26E-05,5.39E-05,4.92E-05,4.94E-05,3.76E-04,2.50E-04,2.99E-04,2.99E-04,2.44E-04,1.97E-04,3.71E-02,6.44E-05,1.79E-03,6.85E-02,3.99E-02,2.53E-02
CL (68:5),0.165186896,0.175968002,0.04738871,0.061571208,0.03927081,0.037367497,1.562643574,0.349108112,0.432538104,0.297946018,0.287851385,0.264257206,0.046436327,0.123737966,0.046676825,0.030312933,0.016853328,0.028452887,0.103173257,0.033313231,0.010661569,0.014789068,0.012920172,0.014808119,0.051546612,0.072937285,0.033302771,0.045051766,0.028630636,0.040383518,0.000375776,0.000249664,0.000298785,0.000298851,0.000243625,0.000197488,0.298583046,0.210887015,0.249241962,0.149796465,0.108931071,0.148376212
CL (68:4),0.7959005,0.835848008,0.153316414,0.279869129,0.162499904,0.152867033,5.283223511,0.849181894,0.821274881,1.135032451,0.971064914,0.704685881,0.213060792,0.522449191,0.154033522,0.12125173,0.074268901,0.108638294,0.152610443,0.040326543,0.025384687,0.042254479,0.012920172,0.038462647,0.043869457,0.099050634,0.061184161,0.061701331,0.042945954,0.055639513,0.000375776,0.000249664,0.000298785,0.000298851,0.000243625,0.000197488,1.441435394,0.843548061,1.196361416,0.738282577,0.499267409,0.654600934
CL (68:3),6.16E-03,8.07E-05,7.67E-05,4.20E-02,3.93E-02,4.67E-05,6.18E-02,4.72E-02,1.97E-03,3.93E-01,4.16E-01,1.76E-01,1.50E-05,1.51E-05,1.28E-05,4.41E-02,3.14E-02,8.28E-03,4.08E-02,8.24E-03,2.03E-03,1.63E-02,1.24E-02,5.58E-03,5.59E-02,6.39E-02,2.25E-02,4.70E-02,2.86E-02,3.68E-02,3.76E-04,2.50E-04,2.99E-04,2.99E-04,2.44E-04,1.97E-04,5.66E-05,6.44E-05,5.48E-05,2.14E-01,2.00E-01,4.80E-05
CL (68:2),8.26E-05,8.07E-05,7.67E-05,7.70E-05,7.45E-05,4.67E-05,4.09E-01,4.48E-02,3.94E-02,2.46E-01,2.08E-01,2.58E-02,1.50E-05,1.51E-05,1.28E-05,1.52E-05,1.57E-05,1.42E-05,1.18E-05,9.64E-06,9.31E-06,1.06E-05,9.47E-06,1.06E-05,6.03E-05,4.95E-05,4.26E-05,5.39E-05,4.92E-05,4.94E-05,3.76E-04,2.50E-04,2.99E-04,2.99E-04,2.44E-04,1.97E-04,5.66E-05,6.44E-05,5.48E-05,5.88E-05,4.99E-05,4.80E-05
CL (70:6),1.35E-01,1.44E-01,3.35E-02,4.90E-02,2.98E-02,2.97E-02,1.19E+00,2.74E-01,3.34E-01,2.27E-01,2.36E-01,2.11E-01,4.37E-02,1.26E-01,3.27E-02,2.54E-02,1.57E-02,2.85E-02,1.18E-05,9.64E-06,9.31E-06,1.06E-05,9.47E-06,1.06E-05,6.03E-05,4.95E-05,4.26E-05,5.39E-05,4.92E-05,4.94E-05,3.76E-04,2.50E-04,2.99E-04,2.99E-04,2.44E-04,1.97E-04,2.68E-01,1.41E-01,2.39E-01,1.18E-01,7.81E-02,1.05E-01
CL (70:5),0.645730594,0.674544006,0.111502846,0.209901847,0.12458326,0.14437442,5.35763511,0.896358666,0.930778198,1.040446413,0.971064914,0.704685881,0.185745306,0.439957213,0.142364315,0.104717403,0.054273428,0.116398172,0.126817129,0.036819887,0.025384687,0.034571846,0.014470593,0.042308912,0.066900922,0.14407365,0.059635195,0.0852066,0.041156539,0.063716217,0.000375776,0.000249664,0.000298785,0.000298851,0.000243625,0.000197488,1.235516052,0.749820499,0.947119455,0.534987375,0.426646695,0.593504847
CL (70:4),1.036172349,1.02648001,0.167254269,0.335842955,0.216666539,0.178344872,6.250574295,0.849181894,0.821274881,1.18232547,1.040426693,0.645962058,0.300470348,0.687433146,0.175038093,0.137786057,0.108546856,0.147437685,0.156909329,0.047339855,0.025384687,0.042254479,0.017054627,0.040385779,0.040579248,0.126064444,0.06583106,0.097938621,0.046524783,0.044870575,0.000375776,0.000249664,0.000298785,0.000298851,0.000243625,0.000197488,2.162153091,1.159878584,1.296058201,0.930878032,0.680819194,0.785521121
CL (70:3),8.26E-05,8.07E-05,7.67E-05,7.70E-05,7.45E-05,4.67E-05,4.09E-05,2.59E-05,3.01E-05,2.36E-01,2.71E-01,5.23E-02,1.50E-05,1.51E-05,1.28E-05,7.44E-03,8.00E-04,1.42E-05,7.09E-03,3.16E-03,9.31E-06,6.53E-03,4.48E-03,1.06E-05,4.61E-02,4.86E-02,6.97E-03,2.45E-02,1.70E-02,1.79E-02,3.76E-04,2.50E-04,2.99E-04,2.99E-04,2.44E-04,1.97E-04,5.66E-05,6.44E-05,5.48E-05,5.88E-05,4.99E-05,4.80E-05
CL (72:7),1.22E-01,1.31E-01,2.51E-02,3.78E-02,2.44E-02,2.63E-02,8.19E-01,1.89E-01,2.08E-01,1.56E-01,1.66E-01,1.35E-01,3.82E-02,9.07E-02,1.96E-02,1.41E-02,1.20E-02,1.76E-02,1.18E-05,9.64E-06,9.31E-06,1.06E-05,9.47E-06,1.06E-05,6.03E-05,4.95E-05,4.26E-05,5.39E-05,4.92E-05,4.94E-05,3.76E-04,2.50E-04,2.99E-04,2.99E-04,2.44E-04,1.97E-04,2.06E-01,1.29E-01,1.69E-01,8.77E-02,8.26E-02,8.73E-02
CL (72:6),2.40E-01,2.64E-01,4.04E-02,7.98E-02,4.74E-02,5.35E-02,2.08E+00,4.48E-01,4.65E-01,4.02E-01,4.16E-01,3.64E-01,6.01E-02,1.81E-01,4.67E-02,4.13E-02,1.83E-02,4.14E-02,1.18E-05,9.64E-06,9.31E-06,1.06E-05,9.47E-06,1.06E-05,6.03E-05,4.95E-05,4.26E-05,5.39E-05,4.92E-05,4.94E-05,3.76E-04,2.50E-04,2.99E-04,2.99E-04,2.44E-04,1.97E-04,4.63E-01,2.81E-01,3.39E-01,1.93E-01,1.72E-01,2.09E-01
CL (72:5),4.35E-01,4.25E-01,6.69E-02,1.33E-01,8.12E-02,9.34E-02,3.87E+00,6.13E-01,6.02E-01,7.09E-01,6.94E-01,4.64E-01,1.48E-01,3.30E-01,8.64E-02,5.24E-02,4.00E-02,6.73E-02,1.18E-05,9.64E-06,9.31E-06,1.06E-05,9.47E-06,1.06E-05,6.03E-05,4.95E-05,4.26E-05,5.39E-05,4.92E-05,4.94E-05,3.76E-04,2.50E-04,2.99E-04,2.99E-04,2.44E-04,1.97E-04,9.16E-01,5.04E-01,5.98E-01,3.74E-01,3.27E-01,3.93E-01
CL (72:4),3.45E-01,3.96E-01,7.67E-05,7.84E-02,7.45E-05,1.70E-02,2.98E+00,4.06E-01,3.67E-01,4.73E-01,4.51E-01,2.53E-01,1.04E-01,2.50E-01,4.43E-02,4.41E-02,2.80E-02,4.40E-02,1.18E-05,9.64E-06,9.31E-06,1.06E-05,9.47E-06,1.06E-05,6.03E-05,4.95E-05,4.26E-05,5.39E-05,4.92E-05,4.94E-05,3.76E-04,2.50E-04,2.99E-04,2.99E-04,2.44E-04,1.97E-04,7.31E-01,3.75E-01,3.99E-01,2.57E-01,2.36E-01,2.36E-01
GPCho(P-36:4),6.907816,10.11816,8.362713,15.392802,12.458326,11.040397,7.44116,9.435354,9.307782,11.823255,12.48512,7.634097,5.736252,5.224492,4.667682,7.440447,7.141241,6.466565,5.158663,7.188645,4.907706,11.716014,8.613448,7.307903,6.251398,7.473821,5.421381,8.128906,8.141837,6.820327,8.881973,8.624767,6.518939,10.867324,10.630925,8.61764,3.809508,4.920697,4.087568,6.419848,5.900433,6.284169
GPCho(O-36:4),5.26E-02,8.07E-05,1.06E+00,2.66E-01,6.50E-01,6.11E-01,4.09E-05,2.59E-05,3.01E-05,2.60E-05,1.91E-05,4.70E-01,4.10E+00,4.67E-01,3.50E-01,1.52E-05,2.46E-01,2.17E-01,1.18E-05,2.81E-01,4.74E-01,1.06E-05,8.27E-01,1.06E-05,5.70E-01,5.67E-01,1.01E+00,6.27E-01,7.07E-01,6.55E-01,3.76E-04,2.50E-04,2.12E+00,1.79E+00,2.08E+00,1.29E+00,5.66E-05,6.44E-05,7.58E-02,5.88E-05,4.99E-05,4.80E-05
GPCho(O-36:3),1.651868962,1.759680016,2.787571154,2.518822161,2.031248799,2.12315324,1.711466771,1.556833473,2.135314689,1.324204526,1.734044488,1.585543233,3.824168068,1.512352921,1.750380928,2.314805754,1.742462687,1.422644327,0.816788287,1.928660758,1.675389334,1.133188287,2.756303332,8.846408793,2.193472861,2.611334905,2.091104246,2.546404151,2.326239161,2.153787615,0.000375776,0.000249664,2.770548924,0.000298851,2.834913465,2.693012564,1.235516052,0.890411842,0.996967847,0.813180809,0.826060622,1.134641619
GPCho(O-36:2),4.6552671,0.718536,7.6658207,6.0171863,4.7395805,6.6242381,5.2088119,6.1329803,6.570199,3.9726136,5.5489424,5.8723823,4.6436327,5.4994652,6.3013713,4.4091538,5.7129924,6.4665651,0.3868997,4.2079871,3.3846249,2.6889214,3.962186,3.6539515,7.2384604,9.9050634,8.5193136,7.1495193,7.6944834,8.7048916,10.9316588,10.8944421,8.6919182,10.3239582,7.9731941,11.8492553,3.7065482,3.7491025,3.688781,2.6749369,2.6325009,3.7530454
GPCho(O-38:5),2.70E+00,3.52E+00,4.46E+00,3.92E+00,7.45E-05,4.16E+00,2.83E+00,3.21E+00,3.56E+00,2.03E+00,2.50E+00,3.23E+00,6.83E+00,2.69E+00,2.29E+00,1.52E-05,2.37E+00,3.10E+00,1.18E-05,3.51E+00,2.20E+00,1.06E-05,3.96E+00,1.13E+01,2.74E+00,4.32E+00,3.87E+00,2.45E+00,3.04E+00,4.04E+00,3.76E-04,2.50E-04,2.99E-04,2.99E-04,2.44E-04,1.97E-04,5.66E-05,1.76E+00,2.09E+00,1.50E+00,1.54E+00,2.09E+00
GPEtn(O-32:0),10.812233,13.05096,18.119213,19.590839,17.604156,15.286703,6.324986,8.491819,7.665232,8.985674,7.282987,8.221335,3.277858,6.324385,4.200914,6.613731,4.856044,6.725228,5.373607,7.188645,6.261556,8.25883,6.029414,7.692529,12.064101,11.705984,10.06828,11.752635,11.631196,12.563761,25.279461,24.512495,32.051448,26.624945,27.463224,31.598014,2.882871,6.209451,6.081504,5.777864,5.537329,5.760488
GPEtn(O-36:5),7.658665,8.50512,8.223335,8.256139,8.124995,6.114681,5.432047,6.604748,6.022682,6.148092,5.548942,5.872382,13.384588,16.773369,14.7032,16.534327,10.283386,9.053191,7.737994,9.993969,10.323106,9.411225,9.474793,14.808119,14.257574,13.506905,20.136559,14.690793,18.788855,15.255996,17.763946,22.242819,15.754102,20.10455,16.389343,13.644597,8.545653,6.560929,6.978775,5.456871,4.901898,5.324088
GPEtn(O-36:4),6.907816,8.65176,9.477742,9.655485,8.802078,6.36946,4.762342,6.13298,5.201408,6.148092,6.589369,5.461316,12.838279,13.748663,12.836127,16.809899,11.425985,9.311854,7.737994,8.591307,9.138487,9.795356,9.474793,13.461926,13.160837,11.705984,16.264144,16.649566,16.99944,13.461173,12.981345,14.525923,13.581122,15.75762,14.617523,10.77205,8.442693,5.975132,6.679685,6.419848,5.809657,5.062247
GPEtn(O-36:3),6.757646,7.91856,8.641471,7.836336,7.312496,6.624238,4.018226,4.717677,4.544388,4.729302,4.508516,4.521734,11.745659,14.298609,14.003047,14.32975,9.997737,9.829179,7.093161,7.889976,8.969256,8.642962,8.441179,14.038866,12.064101,12.606444,16.264144,12.732021,15.210025,13.461173,10.931659,16.341663,14.124367,13.584156,12.845702,11.490187,7.413096,5.506494,6.879078,5.349874,4.992674,4.974967
GPEtn(O-36:2),9.310534,10.41144,10.035256,13.993456,11.781243,12.738919,3.794992,5.189445,5.037153,6.621023,7.282987,7.634097,18.847685,20.073048,16.570273,24.80149,18.281576,18.365045,9.887437,11.571965,12.18465,15.365265,16.53782,30.770118,15.35431,16.208286,20.136559,20.56711,25.051806,24.230111,15.031031,21.334949,15.754102,22.821381,22.147761,21.185032,9.678209,6.209451,9.072407,8.666795,7.534399,9.600814
GPEtn(O-36:1),3.453908,3.07944,3.763221,7.136663,6.635413,6.709164,1.339409,1.839894,1.423543,3.972614,3.468089,4.345563,3.824168,4.124599,4.434298,7.164875,4.284744,7.501216,2.364387,3.857322,3.384625,6.146106,6.201682,9.807975,4.496619,3.511795,3.097932,6.170133,6.710305,6.192139,1.844717,1.361805,3.096496,4.727286,6.644328,6.46323,3.08879,2.460349,3.489387,3.530917,3.08638,4.713127
GPEtn(O-38:5),13.9658,17.5968,18.11921,16.79215,13.54166,13.58818,14.88232,17.92717,14.78295,15.13377,16.99364,15.85543,21.85239,30.24706,25.67225,23.6992,19.13852,19.3997,14.40127,19.28661,18.61544,17.86212,17.2269,25.00072,24.1282,24.31243,25.55794,22.52588,23.26239,20.64046,17.08072,24.51249,20.64331,19.56118,19.93299,17.23528,17.50314,14.05913,14.95452,11.76972,10.89311,12.21922
GPEtn(O-38:3),7.959005,9.67824,16.725427,18.191493,17.604156,16.135965,8.185276,11.322425,9.307782,10.877394,9.710649,10.570288,11.745659,13.198716,13.069511,12.676317,12.854233,15.261094,10.53227,11.396632,11.507725,12.676344,11.197482,15.577372,16.451046,15.307825,13.940695,15.670179,15.210025,16.153407,25.96269,26.328235,28.248734,29.341776,26.134359,33.034287,9.26637,7.029567,9.969678,6.740841,8.896037,8.029771
GPEtn(O-38:2),6.156966,7.03872,5.435764,6.576925,5.55208,5.690051,3.348522,4.198733,4.380133,5.202232,5.548942,5.872382,10.65304,9.899037,8.401828,9.920596,8.569489,10.087842,6.448329,6.837979,7.107712,7.298501,8.613448,11.731107,7.677155,6.483314,6.195864,6.659826,6.08401,6.281881,3.142852,4.539351,3.15082,3.260197,5.315463,2.441665,5.971661,5.272175,5.682717,5.456871,5.174226,7.06969
GPEtn(O-38:1),2.102378679,2.492880023,1.672542692,4.198036935,3.114581492,4.586010999,1.488231975,2.028601192,1.423543126,3.263218296,3.468088977,3.699600877,1.447720769,1.402363617,1.446981567,3.031293249,3.142145828,5.173252096,1.805532003,2.103993555,1.675389334,3.07305298,2.756303332,4.615517631,1.754778289,1.170598406,1.161724581,2.056711045,2.05782695,2.423011067,0.471427787,0.000249664,0.814867331,2.553821239,2.480549282,3.267521911,1.02959671,1.405913435,1.993935694,2.674936872,2.904828562,4.102165855
CoQ-9,30.0339811,24.9288002,4.8782495,12.5941108,5.9583298,10.1911356,126.4997179,66.0474807,65.7019904,66.2102263,65.8936906,40.5194382,8.1946459,4.3995721,7.468292,3.8580096,4.8560436,4.1386017,1.2251824,0.5259984,0.6092325,0.4225448,0.2067227,0.6730963,1.4257574,1.2606444,1.0842763,1.1752635,0.9841781,1.2563761,2.1863318,1.0894442,0.9778408,1.0867324,1.1959791,1.7594349,18.5327408,17.5739179,17.9454212,18.1895707,14.5241428,15.7104224
CoQ-10,2.85322821,2.49288002,0.54357638,1.53928021,0.71770791,1.10403969,11.16173981,5.66121263,5.09190426,6.62102263,6.93617795,3.7583247,0.92872653,0.46745454,0.77016761,0.4960298,0.62842917,0.46559269,0.18485209,0.07013312,0.081231,0.06338172,0.03445379,0.08269469,0.19741256,0.12606444,0.10842763,0.13711407,0.11631196,0.1166635,0.30062062,0.10894442,0.08691918,0.13040789,0.12845702,0.17594349,1.75031441,1.64023234,1.59514856,2.03295202,1.72474196,1.57104224
DOL-18,0.087098545,0.0498576,0.048782495,0.114746343,0.059583298,0.079830562,0.055808699,0.030193134,0.023543213,0.029794602,0.024970241,0.0199661,0.018574531,0.038496256,0.023105028,0.022321341,0.031421458,0.017330395,0.012466769,0.005435317,0.005753862,0.005185777,0.004306724,0.005769397,0.017547783,0.026113349,0.021685526,0.055825014,0.023262392,0.013461173,0.017080717,0.005447221,0.005975694,0.007607127,0.007087284,0.007540435,0.026769514,0.030461458,0.02293026,0.039589066,0.035402598,0.031420845
DOL-19,0.052559467,0.0307944,0.023694355,0.058772517,0.041979142,0.049257155,0.038694031,0.019814244,0.016425498,0.019863068,0.017340445,0.011744765,0.027315486,0.012923743,0.014936584,0.016809899,0.024280218,0.012674468,0.007093161,0.003681989,0.00406155,0.003841316,0.002411765,0.003653951,0.023031465,0.017108746,0.010842763,0.017628952,0.013420611,0.008435668,0.012298116,0.004312383,0.003639741,0.004292593,0.004119484,0.004667888,0.020591934,0.017573918,0.015951486,0.02246947,0.019970696,0.020074429
DOL-20,0.009310534,0.00630552,0.005435764,0.012314242,0.008124995,0.008492613,0.008185276,0.004717677,0.003504106,0.004729302,0.004161707,0.002994915,0.003004704,0.005774438,0.003267378,0.00385801,0.005712992,0.002534894,0.000859777,0.000736398,0.001269234,0.000595404,0.000637395,0.000807716,0.002193473,0.003151611,0.002555794,0.007051581,0.003220947,0.0015256,0.002254655,0.00090787,0.000814867,0.000869386,0.000753024,0.001005391,0.003912468,0.004100581,0.003489388,0.004921884,0.004629571,0.004014886
Ceramide C16 ,1.65E+00,1.47E+00,1.20E+00,2.52E+00,1.62E+00,1.87E+00,4.99E-01,3.92E-01,4.00E-01,9.93E-01,6.24E-01,1.35E+00,6.28E-01,5.22E-01,3.97E-01,8.27E-01,7.14E-01,8.28E-01,5.59E-01,5.44E-01,4.23E-01,5.57E-01,9.65E-01,1.06E-05,4.50E-01,2.97E-01,2.94E-01,4.21E-01,5.10E-01,5.65E-01,6.08E-01,3.77E-01,6.52E-01,9.24E-01,4.87E-01,9.69E-01,8.55E-01,1.01E+00,8.67E-01,1.82E+00,1.54E+00,1.57E+00
Ceramide C18,8.56E-02,1.76E-01,1.53E-01,3.50E-01,1.16E-01,1.95E-01,5.28E-02,3.96E-02,6.02E-02,1.04E-01,3.47E-02,1.47E-01,2.43E-02,3.30E-02,5.37E-02,8.54E-02,5.71E-02,9.57E-02,5.16E-02,4.38E-02,3.72E-02,7.68E-02,3.10E-02,1.06E-05,7.46E-02,8.55E-02,9.29E-02,1.57E-01,4.56E-02,1.35E-01,1.98E-01,8.62E-02,2.06E-01,2.50E-01,1.46E-01,2.80E-01,5.35E-02,1.09E-01,7.38E-02,2.03E-01,5.54E-02,1.57E-01
Ceramide C20,3.45E-02,4.55E-02,2.79E-02,1.40E-01,3.52E-02,3.23E-02,2.46E-02,1.93E-02,2.41E-02,4.54E-02,1.98E-02,3.82E-02,1.78E-02,2.28E-02,2.01E-02,2.51E-02,2.17E-02,1.89E-02,2.58E-02,1.47E-02,1.61E-02,2.69E-02,1.40E-02,1.06E-05,6.03E-02,5.67E-02,5.27E-02,3.13E-02,4.29E-02,4.22E-02,1.78E-01,7.72E-02,9.24E-02,2.39E-01,5.32E-02,1.22E-01,1.54E-02,2.93E-02,2.09E-02,1.04E-01,3.09E-02,3.32E-02
Ceramide C22,1.80E-01,1.45E-01,9.76E-02,2.80E-01,2.03E-01,2.72E-01,3.94E-02,4.72E-02,3.45E-02,1.32E-01,4.51E-02,9.40E-02,5.74E-02,3.85E-02,3.03E-02,1.05E-01,6.28E-02,6.73E-02,6.88E-02,6.31E-02,3.89E-02,6.72E-02,7.06E-02,1.06E-05,5.48E-02,1.80E-02,2.71E-02,6.27E-02,3.67E-02,4.85E-02,1.91E-01,2.68E-02,1.36E-02,2.39E-01,7.53E-02,7.90E-02,9.16E-02,1.16E-01,6.38E-02,2.57E-01,1.72E-01,1.92E-01
Ceramide C24:1,5.11E-01,3.37E-01,2.93E-01,3.92E-01,5.82E-01,3.48E-01,1.49E-01,1.32E-01,8.76E-02,2.46E-01,1.60E-01,2.17E-01,1.64E-01,1.15E-01,9.57E-02,1.76E-01,1.77E-01,1.60E-01,1.25E-01,1.26E-01,1.03E-01,1.36E-01,1.67E-01,1.06E-05,1.65E-01,1.89E-01,9.29E-02,1.37E-01,1.97E-01,9.87E-02,5.40E-01,2.04E-01,2.17E-01,2.99E-01,1.46E-01,1.18E-01,3.09E-01,2.46E-01,1.69E-01,5.24E-01,3.54E-01,3.49E-01
Ceramide C24,3.45E-01,2.49E-01,1.38E-01,6.02E-01,4.47E-01,4.76E-01,1.41E-01,6.60E-02,7.67E-02,2.13E-01,1.25E-01,2.17E-01,1.04E-01,5.77E-02,7.00E-02,1.57E-01,1.57E-01,1.09E-01,1.55E-01,9.47E-02,7.62E-02,1.92E-01,2.07E-01,1.06E-05,1.32E-01,9.00E-02,4.03E-02,1.66E-01,1.07E-01,6.64E-02,3.01E-01,1.32E-01,9.24E-02,2.72E-01,1.64E-01,3.05E-01,2.99E-01,2.11E-01,1.60E-01,4.81E-01,4.72E-01,4.63E-01
Ceramide C26:1,1.95E-02,1.76E-02,9.48E-03,5.74E-02,2.17E-02,2.72E-02,6.47E-03,5.66E-03,1.70E-02,5.20E-03,6.94E-03,7.63E-03,4.92E-03,1.26E-02,4.67E-03,3.31E-03,7.43E-04,4.40E-03,1.18E-05,2.10E-03,6.43E-03,1.88E-03,4.82E-03,1.06E-05,6.03E-05,1.17E-02,2.79E-02,8.23E-03,1.61E-02,2.06E-02,3.76E-04,3.00E-02,5.27E-02,1.74E-02,6.20E-02,3.95E-02,1.44E-02,5.27E-03,1.10E-02,5.88E-03,9.99E-03,5.67E-03
Ceramide C26,1.65E-02,4.69E-02,4.32E-02,1.32E-01,4.74E-02,1.70E-02,2.98E-02,3.02E-02,9.31E-03,2.08E-02,1.70E-02,2.88E-02,9.01E-03,1.76E-02,1.14E-02,1.30E-02,1.89E-02,1.53E-02,1.61E-02,1.65E-02,1.15E-02,2.11E-02,2.07E-02,1.06E-05,6.91E-02,7.92E-02,3.49E-02,6.95E-02,7.07E-02,2.96E-02,9.57E-02,9.08E-02,6.52E-02,1.68E-01,4.87E-02,3.95E-02,3.40E-02,1.76E-02,1.40E-02,4.60E-02,7.90E-03,1.31E-02
DHCeramide C16 ,4.81E-02,3.81E-02,3.21E-02,2.10E-01,6.23E-02,4.25E-02,1.93E-02,8.96E-03,2.14E-02,5.68E-02,2.39E-02,4.87E-02,1.83E-02,8.80E-03,1.59E-02,3.58E-02,3.43E-02,3.10E-02,2.36E-02,2.10E-02,2.20E-02,2.30E-02,3.62E-02,1.06E-05,1.86E-02,9.00E-03,1.24E-02,2.55E-02,1.88E-02,2.15E-02,8.88E-02,1.59E-02,5.00E-02,7.61E-02,4.21E-02,4.67E-02,2.37E-02,3.98E-02,4.19E-02,1.03E-01,6.35E-02,6.46E-02
DHCeramide C18,7.36E-03,3.96E-03,1.67E-02,6.02E-02,1.23E-02,2.38E-02,6.55E-03,5.66E-03,2.41E-03,1.61E-02,8.32E-03,5.40E-03,5.46E-03,3.30E-03,7.00E-03,8.54E-03,8.86E-03,5.17E-03,3.22E-03,5.96E-03,5.42E-03,4.42E-03,6.03E-03,1.06E-05,8.34E-03,3.51E-03,7.74E-03,1.57E-02,1.43E-02,3.59E-03,3.35E-02,4.99E-03,2.77E-02,9.78E-03,5.76E-03,1.54E-02,9.68E-03,8.20E-03,1.30E-02,3.21E-02,2.63E-03,1.22E-02
DHCeramide C20,8.26E-05,6.01E-03,1.53E-02,1.37E-02,2.44E-03,1.36E-02,4.61E-03,2.26E-03,3.01E-05,1.80E-03,2.84E-03,7.05E-03,5.74E-03,2.47E-03,7.00E-04,1.87E-03,4.28E-03,4.14E-03,5.80E-04,2.98E-03,5.08E-04,1.92E-03,3.62E-03,1.06E-05,1.86E-02,4.95E-05,4.26E-05,5.39E-05,7.96E-03,4.94E-05,5.74E-02,1.41E-02,4.67E-02,5.43E-02,1.90E-02,1.97E-04,4.02E-03,6.91E-03,3.69E-03,1.39E-02,6.08E-03,4.45E-03
DHCeramide C22,1.07E-02,6.45E-03,6.41E-03,2.52E-02,1.62E-02,8.49E-03,5.21E-03,4.48E-03,5.42E-03,9.46E-03,3.81E-03,1.59E-03,3.28E-03,3.30E-03,5.37E-03,7.72E-03,7.71E-03,5.69E-03,2.79E-03,4.73E-03,9.31E-06,8.45E-03,1.03E-02,1.06E-05,6.03E-05,2.88E-03,4.34E-03,8.62E-03,5.64E-03,6.01E-03,4.99E-02,4.99E-03,6.52E-03,2.55E-02,2.44E-04,1.97E-04,1.13E-02,3.16E-03,8.47E-03,1.28E-02,6.81E-03,1.31E-02
DHCeramide C24:1,1.50E-02,2.93E-02,1.35E-02,2.80E-02,1.49E-02,1.95E-02,8.93E-03,6.60E-03,8.76E-03,9.93E-03,9.36E-03,8.22E-03,3.82E-03,3.02E-03,2.80E-03,8.82E-03,4.86E-03,3.36E-03,4.94E-03,1.75E-03,5.92E-03,5.38E-03,5.00E-03,1.06E-05,2.52E-03,1.35E-02,4.18E-03,1.47E-02,7.25E-03,4.94E-05,4.10E-02,1.59E-02,2.23E-02,9.78E-03,2.39E-02,1.54E-02,1.13E-02,7.85E-03,7.18E-03,2.67E-02,6.81E-03,1.05E-02
DHCeramide C24,1.26E-02,1.36E-02,1.95E-02,3.22E-02,1.49E-02,2.12E-02,1.12E-02,4.15E-03,6.02E-03,8.99E-03,9.36E-03,8.22E-03,4.37E-03,3.85E-03,5.13E-03,6.06E-03,7.43E-03,7.50E-03,4.51E-03,5.96E-03,2.54E-03,3.84E-03,7.75E-03,1.06E-05,8.12E-03,2.88E-03,4.41E-03,5.39E-03,4.92E-05,9.87E-03,5.60E-02,2.27E-02,6.52E-03,9.78E-03,1.28E-02,1.97E-04,1.03E-02,6.09E-03,1.30E-02,2.03E-02,1.82E-02,1.83E-02
DHCeramide C26:1,2.55E-03,8.07E-05,3.21E-03,7.70E-05,2.44E-03,1.61E-03,9.67E-04,2.59E-05,2.35E-03,2.60E-05,4.16E-03,1.35E-02,2.49E-03,4.95E-03,1.47E-03,1.87E-03,1.57E-05,1.58E-03,4.51E-03,2.45E-03,2.03E-03,4.23E-03,2.24E-03,1.06E-05,1.09E-02,3.51E-03,4.26E-05,9.30E-03,5.64E-03,4.94E-05,8.20E-03,2.72E-02,1.47E-02,9.78E-03,2.17E-02,4.67E-02,1.44E-03,9.02E-04,2.39E-03,1.07E-03,8.62E-04,1.40E-03
DHCeramide C26,4.66E-03,6.31E-03,1.53E-02,2.10E-02,1.49E-02,1.44E-02,3.42E-03,1.13E-02,7.12E-03,2.88E-03,2.95E-03,3.11E-03,4.92E-03,3.57E-03,7.23E-03,2.59E-03,4.86E-03,3.36E-03,2.15E-03,3.68E-03,1.52E-03,2.11E-03,4.82E-03,1.06E-05,6.03E-05,6.48E-03,6.51E-03,3.43E-03,7.96E-03,4.58E-03,1.57E-02,4.99E-03,1.58E-02,1.52E-02,2.44E-04,1.97E-04,6.80E-03,7.97E-03,8.18E-03,5.35E-03,8.62E-04,2.44E-03
Hexosylceramide C16 ,6.61E-01,2.64E-01,1.53E-01,3.78E-01,4.33E-01,1.78E-01,4.61E-01,2.50E-01,1.20E-01,4.45E-01,3.47E-01,3.52E-01,9.29E-01,3.85E-01,2.33E-01,6.34E-01,5.71E-01,3.10E-01,6.88E-01,5.96E-01,2.71E-01,4.61E-01,6.55E-01,1.06E-05,3.62E-01,2.88E-01,1.16E-01,3.04E-01,2.33E-01,1.71E-01,6.15E-01,2.45E-01,2.82E-01,3.86E-01,2.75E-01,2.44E-01,7.62E-01,5.98E-01,2.79E-01,9.52E-01,7.44E-01,3.49E-01
Hexosylceramide C18,3.75E-02,2.49E-02,3.35E-03,3.50E-02,1.49E-02,1.36E-02,2.60E-02,2.41E-02,3.07E-03,3.88E-02,1.49E-02,2.17E-02,4.10E-02,2.03E-02,9.57E-03,4.96E-02,2.77E-02,1.60E-02,3.65E-02,2.45E-02,1.24E-02,3.27E-02,2.07E-02,1.06E-05,1.75E-02,1.53E-02,3.49E-03,2.35E-02,9.84E-03,2.51E-03,6.22E-02,9.53E-03,4.07E-03,2.77E-02,4.12E-02,2.59E-02,4.43E-02,3.87E-02,1.60E-02,6.21E-02,2.45E-02,2.09E-02
Hexosylceramide C20,3.00E-02,1.42E-02,6.97E-03,2.80E-02,1.19E-02,6.37E-03,2.23E-02,1.42E-02,1.97E-03,2.51E-02,1.42E-02,1.29E-02,4.10E-02,2.06E-02,8.17E-03,3.86E-02,1.66E-02,1.14E-02,3.01E-02,2.63E-02,9.14E-03,3.07E-02,1.72E-02,1.06E-05,2.74E-02,1.62E-02,3.18E-03,2.25E-02,2.06E-02,5.56E-03,3.83E-02,2.86E-02,1.30E-02,2.50E-02,2.44E-04,1.97E-04,3.50E-02,2.23E-02,7.48E-03,6.53E-02,2.27E-02,1.48E-02
Hexosylceramide C22,4.81E-01,9.24E-02,1.95E-02,2.52E-01,1.25E-01,3.06E-02,3.42E-01,8.02E-02,1.86E-02,3.50E-01,1.32E-01,6.46E-02,7.10E-01,1.18E-01,6.30E-02,4.68E-01,1.80E-01,5.95E-02,4.51E-01,2.10E-01,7.11E-02,3.07E-01,1.69E-01,1.06E-05,2.41E-01,6.75E-02,1.39E-02,1.86E-01,5.82E-02,1.88E-02,3.28E-01,5.90E-02,2.17E-02,1.63E-01,5.76E-02,3.09E-02,6.07E-01,2.23E-01,4.09E-02,6.85E-01,2.27E-01,1.05E-01
Hexosylceramide C24:1,5.11E-01,7.04E-02,1.06E-02,1.96E-01,1.08E-01,1.44E-02,3.57E-01,8.96E-02,9.86E-03,2.60E-01,8.67E-02,2.82E-02,6.28E-01,9.62E-02,4.43E-02,3.31E-01,1.14E-01,2.46E-02,3.87E-01,1.42E-01,4.57E-02,1.92E-01,1.22E-01,1.06E-05,2.41E-01,3.78E-02,1.47E-02,1.37E-01,3.94E-02,8.44E-03,2.73E-01,2.00E-02,2.17E-02,9.78E-02,5.76E-02,1.29E-02,5.25E-01,1.41E-01,2.19E-02,4.28E-01,1.54E-01,6.81E-02
Hexosylceramide C24,1.07E+00,1.01E-01,7.25E-03,6.72E-01,2.71E-01,3.40E-02,7.44E-01,1.09E-01,2.14E-02,6.15E-01,1.39E-01,5.64E-02,1.42E+00,1.65E-01,6.77E-02,7.99E-01,2.63E-01,5.69E-02,8.81E-01,2.10E-01,7.78E-02,5.38E-01,2.76E-01,1.06E-05,5.26E-01,7.92E-02,2.01E-02,3.33E-01,9.84E-02,2.06E-02,5.60E-01,4.36E-02,2.17E-02,2.55E-01,6.20E-02,6.10E-03,1.24E+00,2.46E-01,3.49E-02,1.18E+00,3.72E-01,1.31E-01
Hexosylceramide C26:1,1.04E-02,3.37E-03,9.76E-04,3.36E-03,5.42E-03,7.73E-04,8.19E-03,1.27E-03,3.45E-04,3.17E-03,5.20E-03,2.11E-04,1.12E-02,4.95E-03,2.29E-04,6.06E-03,1.60E-03,1.42E-05,5.16E-03,1.03E-03,9.48E-04,3.07E-03,1.55E-03,1.06E-05,3.51E-03,1.53E-03,4.26E-05,7.44E-03,4.92E-05,1.08E-03,1.98E-03,2.50E-04,2.99E-04,2.99E-04,6.20E-03,1.97E-04,1.01E-02,3.28E-03,4.49E-04,1.18E-02,1.09E-03,1.05E-03
Hexosylceramide C26,8.86E-03,3.23E-03,4.60E-04,1.26E-02,3.93E-03,7.56E-04,5.73E-03,6.13E-04,3.01E-05,8.04E-03,1.84E-03,1.17E-03,9.83E-03,2.03E-03,7.00E-04,7.99E-03,1.29E-03,2.85E-04,7.74E-03,9.64E-06,1.52E-04,6.72E-03,2.07E-03,1.06E-05,6.25E-03,1.44E-03,3.49E-04,6.27E-03,1.79E-03,4.94E-05,4.24E-03,3.90E-03,9.24E-04,8.15E-03,4.25E-03,1.97E-04,9.78E-03,3.05E-03,3.09E-04,1.28E-02,3.27E-03,4.36E-04
DHHexosylceramide C16 ,1.14E-02,5.57E-03,2.51E-03,4.90E-03,5.82E-03,5.77E-03,7.44E-03,5.19E-03,5.15E-03,5.20E-03,4.51E-03,7.63E-03,1.17E-02,6.60E-03,5.83E-03,9.92E-03,9.71E-03,6.98E-03,9.67E-03,1.05E-02,5.42E-03,4.80E-03,8.96E-03,1.06E-05,5.26E-03,3.60E-03,2.32E-03,4.70E-03,6.08E-03,5.29E-03,1.43E-02,5.45E-03,5.38E-03,2.17E-03,3.85E-03,7.18E-03,1.24E-02,1.03E-02,1.10E-02,1.18E-02,1.45E-02,7.68E-03
DHHexosylceramide C18,8.41E-04,6.45E-04,1.09E-03,7.70E-05,4.06E-04,4.67E-05,3.94E-04,6.60E-04,4.33E-04,3.78E-04,1.21E-04,1.35E-03,1.17E-03,3.85E-04,7.70E-04,6.89E-04,1.57E-05,1.32E-04,6.45E-04,4.03E-04,4.23E-04,6.34E-04,4.13E-04,1.06E-05,6.03E-05,5.76E-04,1.55E-03,4.80E-04,4.92E-05,6.37E-04,4.37E-03,2.50E-04,2.99E-04,2.17E-03,2.44E-04,1.97E-04,7.93E-04,6.44E-05,1.99E-03,5.99E-04,6.90E-04,9.60E-04
DHHexosylceramide C20,1.23E-03,3.37E-04,1.09E-03,1.54E-03,7.45E-05,4.67E-05,3.42E-04,1.75E-04,3.01E-05,3.78E-04,2.77E-04,5.17E-04,6.56E-04,1.51E-05,1.26E-04,6.61E-04,1.11E-04,1.32E-04,3.22E-04,3.16E-04,4.23E-04,6.91E-05,5.34E-04,1.06E-05,8.12E-04,4.95E-05,4.26E-05,8.52E-04,4.92E-05,6.37E-04,4.17E-03,4.13E-03,1.09E-03,2.12E-03,1.73E-03,1.97E-04,3.81E-04,4.33E-04,1.79E-04,8.88E-04,4.27E-04,5.41E-04
DHHexosylceramide C22,1.49E-03,8.07E-05,4.74E-04,1.54E-03,2.57E-03,8.49E-04,7.37E-04,9.91E-04,3.01E-05,6.15E-04,4.86E-04,1.35E-03,2.02E-03,3.85E-04,1.42E-03,1.54E-03,8.00E-04,1.78E-03,2.15E-03,1.40E-03,2.37E-03,4.03E-04,1.72E-03,1.06E-05,8.44E-04,5.13E-04,4.26E-05,3.82E-04,5.01E-04,6.37E-04,3.76E-04,3.59E-03,2.99E-04,2.99E-04,1.86E-03,1.97E-04,2.78E-03,1.15E-03,8.97E-04,1.93E-03,1.82E-03,2.44E-03
DHHexosylceramide C24:1,2.25E-03,8.65E-04,7.67E-05,1.68E-03,7.45E-05,9.34E-04,2.83E-03,3.11E-04,8.21E-04,6.15E-04,9.02E-04,1.35E-03,3.82E-03,1.10E-03,2.24E-03,1.54E-03,2.31E-04,1.09E-03,2.36E-03,1.02E-03,1.69E-03,6.91E-04,9.13E-04,1.06E-05,1.75E-03,4.95E-05,3.95E-04,1.76E-03,4.92E-05,4.94E-05,3.76E-04,2.50E-04,2.99E-04,1.96E-03,2.44E-04,8.62E-03,2.78E-03,1.29E-03,5.28E-04,1.18E-03,2.09E-03,1.13E-03
DHHexosylceramide C24,2.10E-03,3.37E-04,7.67E-05,6.30E-04,1.30E-03,4.67E-05,7.37E-04,5.19E-04,1.26E-03,1.23E-03,5.20E-04,1.06E-03,4.92E-03,8.25E-04,1.47E-03,1.74E-03,1.14E-03,1.35E-03,1.14E-03,5.96E-04,1.69E-03,1.13E-03,1.43E-03,1.06E-05,3.29E-03,5.13E-04,3.95E-04,1.08E-03,5.01E-04,1.26E-03,1.50E-03,2.50E-04,2.99E-04,2.99E-04,9.75E-04,1.97E-04,4.43E-03,3.51E-04,3.59E-04,4.17E-03,2.90E-03,3.67E-03
DHHexosylceramide C26:1,3.45E-04,2.93E-04,7.67E-05,7.84E-04,7.45E-05,4.67E-05,4.09E-05,1.79E-04,3.01E-05,2.60E-05,1.91E-05,3.23E-05,1.39E-04,2.39E-04,1.28E-04,3.03E-04,1.57E-05,1.42E-05,1.18E-05,1.07E-04,9.31E-06,1.06E-05,9.47E-06,1.06E-05,6.03E-05,5.76E-04,4.26E-05,5.39E-05,4.92E-05,4.94E-05,1.50E-03,2.50E-04,2.99E-04,1.47E-03,2.44E-04,1.97E-04,1.44E-04,1.52E-04,5.48E-05,5.88E-05,9.99E-05,4.80E-05
DHHexosylceramide C26,1.95E-04,8.07E-05,7.67E-05,7.70E-05,4.06E-04,4.67E-05,4.09E-05,2.59E-05,3.01E-05,3.88E-04,1.91E-05,3.23E-05,1.50E-05,2.45E-04,1.28E-05,1.52E-05,1.57E-05,1.42E-05,2.11E-04,1.02E-04,9.31E-06,1.06E-05,9.47E-06,1.06E-05,6.03E-05,5.13E-04,4.26E-05,5.39E-05,5.64E-04,4.94E-05,3.76E-04,1.32E-03,2.99E-04,2.88E-03,9.75E-04,8.62E-03,5.66E-05,1.29E-04,7.18E-04,2.89E-04,4.99E-05,4.80E-05
Sphingomyelin C16 ,3.45E+01,1.19E+01,7.25E+00,1.54E+01,1.33E+01,8.49E+00,1.64E+01,8.96E+00,7.12E+00,1.42E+01,7.63E+00,9.40E+00,4.37E+01,2.36E+01,1.91E+01,3.58E+01,2.09E+01,1.11E+01,4.94E+01,3.16E+01,2.37E+01,3.84E+01,2.93E+01,1.06E-05,1.86E+01,9.91E+00,6.12E+00,1.57E+01,8.50E+00,4.85E+00,3.42E+01,9.53E+00,7.06E+00,1.63E+01,1.15E+01,8.62E+00,5.87E+01,3.87E+01,2.39E+01,5.35E+01,3.72E+01,1.83E+01
Sphingomyelin C18,1.50E+00,5.28E-01,4.04E-01,8.12E-01,3.52E-01,1.78E-01,6.99E-01,3.44E-01,2.52E-01,5.68E-01,2.32E-01,2.23E-01,1.78E+00,8.25E-01,5.83E-01,1.24E+00,5.14E-01,3.10E-01,2.00E+00,1.02E+00,9.98E-01,1.34E+00,6.89E-01,1.06E-05,8.44E-01,4.14E-01,1.47E-01,6.95E-01,2.68E-01,2.24E-01,1.64E+00,4.54E-01,4.07E-01,8.69E-01,3.50E-01,3.95E-01,2.47E+00,1.41E+00,5.38E-01,1.93E+00,1.09E+00,6.55E-01
Sphingomyelin C20,5.41E-01,1.42E-01,2.23E-01,2.94E-01,9.75E-02,8.24E-02,2.68E-01,1.09E-01,3.39E-02,1.80E-01,3.81E-02,8.22E-02,6.56E-01,3.02E-01,1.70E-01,4.13E-01,1.43E-01,8.02E-02,7.31E-01,2.45E-01,1.69E-01,4.80E-01,1.64E-01,1.06E-05,3.18E-01,1.26E-01,5.81E-02,1.96E-01,4.65E-02,9.87E-02,5.47E-01,1.23E-01,1.68E-01,2.50E-01,1.28E-01,1.18E+00,9.68E-01,3.40E-01,1.79E-01,6.63E-01,2.90E-01,9.60E-02
Sphingomyelin C22,4.66E+00,7.63E-01,2.65E-01,1.82E+00,7.58E-01,3.23E-01,2.31E+00,5.66E-01,1.10E-01,1.70E+00,4.51E-01,1.88E-01,5.46E+00,1.48E+00,9.80E-01,3.58E+00,1.06E+00,3.36E-01,6.23E+00,1.51E+00,1.02E+00,4.03E+00,1.22E+00,1.06E-05,2.74E+00,7.29E-01,4.34E-01,1.66E+00,5.19E-01,9.87E-02,4.78E+00,6.36E-01,5.43E-01,1.79E+00,7.09E-01,1.97E-04,8.44E+00,2.34E+00,8.47E-01,5.67E+00,1.91E+00,8.73E-01
Sphingomyelin C24:1,1.80E+01,2.64E+00,3.62E-01,5.74E+00,2.17E+00,6.62E-01,8.93E+00,2.22E+00,7.67E-01,5.68E+00,1.42E+00,8.22E-01,2.24E+01,6.32E+00,3.97E+00,1.27E+01,3.43E+00,1.01E+00,2.58E+01,6.66E+00,3.89E+00,1.46E+01,4.48E+00,1.06E-05,1.10E+01,2.43E+00,1.24E+00,6.27E+00,1.61E+00,6.28E-01,1.98E+01,2.63E+00,1.47E+00,5.98E+00,2.44E+00,1.97E-04,3.29E+01,9.72E+00,2.19E+00,1.93E+01,6.72E+00,2.71E+00
Sphingomyelin C24,1.32E+01,1.76E+00,3.07E-01,5.46E+00,2.17E+00,2.38E-01,6.47E+00,1.18E+00,2.63E-01,4.73E+00,1.18E+00,5.40E-01,1.56E+01,3.30E+00,2.10E+00,1.05E+01,2.34E+00,6.73E-01,1.78E+01,3.51E+00,2.37E+00,1.21E+01,3.10E+00,1.06E-05,8.44E+00,1.44E+00,5.89E-01,5.09E+00,1.25E+00,5.74E-01,1.37E+01,1.72E+00,9.78E-01,5.11E+00,1.51E+00,1.97E-04,2.47E+01,5.04E+00,9.97E-01,1.71E+01,4.90E+00,2.01E+00
Sphingomyelin C26:1,2.10E-01,1.61E-02,2.09E-02,7.28E-02,3.52E-02,1.36E-02,1.04E-01,1.65E-02,3.01E-05,6.15E-02,1.84E-02,3.23E-05,2.59E-01,5.22E-02,3.03E-02,1.54E-01,3.43E-02,7.76E-03,3.01E-01,8.07E-02,6.43E-02,1.81E-01,5.17E-02,1.06E-05,1.21E-01,3.33E-02,4.26E-05,7.35E-02,1.52E-02,4.94E-05,2.12E-01,2.13E-02,2.99E-04,7.06E-02,8.86E-02,1.97E-04,3.91E-01,8.20E-02,5.78E-03,2.25E-01,5.90E-02,2.01E-02
Sphingomyelin C26,8.26E-02,3.96E-02,1.67E-02,7.28E-02,5.42E-02,1.27E-02,3.79E-02,3.73E-02,3.01E-05,4.02E-02,1.21E-02,1.12E-02,1.01E-01,4.12E-02,1.47E-02,5.51E-02,2.60E-02,1.29E-02,1.18E-01,3.33E-02,2.37E-02,8.07E-02,2.07E-02,1.06E-05,6.25E-02,8.55E-02,3.72E-02,3.53E-02,6.89E-02,4.94E-05,1.09E-01,1.04E-01,6.52E-02,4.62E-02,1.28E-02,1.97E-04,1.65E-01,2.11E-02,5.48E-05,9.63E-02,3.45E-02,1.92E-02
DHSphingomyelin C16 ,3.00E+00,2.35E+00,1.95E+00,3.50E+00,2.30E+00,1.70E+00,2.01E+00,1.18E+00,1.92E+00,1.32E+00,1.14E+00,2.47E+00,3.55E+00,2.56E+00,4.20E+00,2.31E+00,1.97E+00,2.59E+00,4.51E+00,2.81E+00,5.58E+00,1.84E+00,2.58E+00,1.06E-05,2.52E+00,2.43E+00,2.09E+00,2.06E+00,2.15E+00,3.86E+00,7.52E+00,4.22E+00,5.98E+00,6.52E+00,3.68E+00,5.75E+00,4.63E+00,2.93E+00,5.48E+00,3.74E+00,3.00E+00,3.75E+00
DHSphingomyelin C18,1.04E-01,7.33E-02,5.71E-02,2.10E-01,7.45E-05,8.07E-02,1.19E-01,3.92E-02,9.31E-02,1.23E-02,2.46E-02,2.17E-01,2.19E-01,7.42E-02,1.94E-01,1.10E-01,4.28E-02,1.66E-01,2.11E-01,6.14E-02,3.38E-01,6.53E-02,9.47E-02,1.06E-05,5.15E-02,1.08E-01,6.43E-02,5.97E-02,3.67E-02,4.94E-05,2.39E-01,2.18E-01,2.01E-01,2.99E-04,2.44E-04,1.97E-04,2.47E-01,1.87E-01,2.09E-01,1.28E-01,9.99E-02,1.40E-01
DHSphingomyelin C20,1.35E-01,1.76E-02,7.67E-05,3.78E-02,4.06E-02,1.27E-01,9.67E-02,6.60E-02,2.03E-02,8.99E-02,1.18E-02,1.06E-01,1.07E-01,8.80E-02,8.87E-02,7.72E-02,1.06E-01,6.47E-02,1.55E-01,1.30E-01,1.69E-01,6.15E-02,7.24E-02,1.06E-05,6.03E-02,2.43E-02,1.86E-01,5.39E-05,5.46E-02,4.94E-05,6.76E-02,4.99E-02,2.99E-04,3.86E-01,7.09E-02,1.97E-04,2.06E-01,1.64E-01,9.37E-02,1.18E-01,9.99E-02,1.13E-01
DHSphingomyelin C22,8.41E-02,6.01E-02,7.67E-05,2.38E-01,2.30E-02,2.80E-01,4.17E-02,2.59E-05,5.04E-02,9.93E-02,4.51E-02,9.98E-02,1.01E-01,1.46E-01,1.91E-01,4.41E-02,6.86E-02,5.17E-02,1.53E-01,1.40E-01,2.88E-01,3.07E-02,5.51E-02,1.06E-05,1.75E-02,4.95E-05,4.10E-02,5.39E-05,1.79E-02,4.94E-05,2.46E-01,1.54E-01,3.53E-02,2.99E-04,9.30E-02,5.03E-01,1.24E-01,1.29E-01,2.19E-01,8.35E-02,1.18E-01,1.48E-01
DHSphingomyelin C24:1,8.71E-01,2.20E-01,2.79E-01,5.88E-01,3.79E-01,2.12E-01,4.61E-01,1.75E-01,4.82E-01,2.79E-01,3.47E-01,6.46E-01,1.61E+00,6.60E-01,1.89E+00,6.34E-01,5.14E-01,4.91E-01,1.57E+00,6.66E-01,2.37E+00,3.65E-01,5.86E-01,1.06E-05,5.70E-01,3.15E-01,6.35E-01,3.53E-01,2.15E-01,4.94E-05,1.16E+00,1.18E-01,1.25E+00,7.06E-01,4.87E-01,1.97E-04,1.96E+00,9.26E-01,7.38E-01,1.18E+00,1.09E+00,1.92E+00
DHSphingomyelin C24,1.22E-01,1.76E-02,5.71E-02,7.70E-05,7.18E-02,4.67E-05,3.87E-02,4.58E-02,4.71E-02,3.12E-02,5.55E-03,2.64E-02,2.24E-01,5.22E-02,1.56E-01,8.27E-02,4.00E-02,7.24E-02,1.63E-01,3.86E-02,3.72E-01,4.42E-02,9.13E-02,1.06E-05,6.36E-02,2.43E-02,2.01E-01,5.39E-05,2.59E-02,4.94E-05,4.17E-01,2.50E-04,2.01E-01,2.99E-04,2.44E-04,1.97E-04,1.75E-01,8.32E-02,1.79E-01,1.18E-01,9.99E-02,2.71E-01
DHSphingomyelin C26:1,1.80E-02,8.07E-05,2.79E-02,1.15E-01,5.69E-02,4.67E-05,8.19E-03,2.59E-05,1.26E-02,2.60E-05,1.91E-05,5.40E-02,7.38E-03,1.51E-05,4.43E-03,1.52E-05,1.57E-05,9.31E-03,2.06E-02,1.28E-02,2.54E-02,1.06E-05,9.47E-06,1.06E-05,8.99E-02,4.95E-05,4.26E-05,5.39E-05,8.23E-03,4.94E-05,3.76E-04,9.53E-02,1.09E-01,2.77E-01,2.44E-04,1.97E-04,4.22E-02,6.56E-03,6.78E-02,5.88E-05,3.18E-03,2.01E-02
DHSphingomyelin C26,1.16E-02,1.35E-02,2.79E-02,7.70E-05,4.60E-02,1.19E-02,5.51E-03,1.93E-02,1.10E-01,2.60E-05,1.91E-05,3.76E-02,1.45E-02,1.51E-05,2.03E-02,1.52E-05,6.28E-03,1.42E-05,1.10E-02,6.84E-03,3.22E-02,1.48E-02,1.21E-02,1.06E-05,1.65E-02,4.95E-05,4.26E-05,5.39E-05,1.61E-02,4.94E-05,3.76E-04,2.50E-04,1.63E-01,2.99E-04,1.42E-01,5.39E-01,3.09E-02,6.56E-03,5.48E-05,5.88E-05,6.99E-03,2.01E-02
Cholesterol,240.27185,175.968,153.31641,117.54503,203.12488,212.31532,133.94088,103.7889,120.45365,85.12743,90.17031,229.02291,300.47035,258.47486,280.06095,228.72485,282.79312,258.6626,343.91086,315.59903,338.46249,307.3053,396.2186,365.39515,153.5431,117.05984,108.42763,117.52635,116.31196,125.63761,116.14887,43.12383,70.62184,59.77028,57.58418,26.57106,319.17498,445.20592,438.66585,417.29015,462.95705,427.67261
Desmosterol,1.28E+00,1.25E+00,1.09E+00,1.40E+00,3.25E+00,1.61E+00,8.19E-01,8.02E-01,7.67E-01,9.93E-01,1.49E+00,1.35E+00,1.80E+00,2.09E+00,2.08E+00,2.76E+00,5.43E+00,2.07E+00,1.85E+00,2.28E+00,2.03E+00,3.27E+00,6.72E+00,2.31E+00,8.12E-01,8.82E-01,6.66E-01,1.66E+00,2.15E+00,4.94E-05,4.24E-01,3.09E-01,4.62E-01,6.52E-01,9.30E-01,1.97E-04,1.54E+00,2.69E+00,2.69E+00,4.07E+00,7.44E+00,2.79E+00
Lanosterol,6.31E-02,6.16E-02,5.30E-02,3.08E+00,2.98E+00,2.38E+00,1.12E-01,5.19E-02,6.02E-02,1.99E+00,1.35E+00,2.76E+00,1.17E-01,4.40E-02,8.40E-02,1.79E+00,1.77E+00,2.22E+00,9.03E-02,5.61E-02,5.42E-02,1.34E+00,1.17E+00,1.50E+00,6.03E-05,4.95E-05,4.26E-05,2.45E+00,1.97E+00,1.08E+01,3.76E-04,2.50E-04,2.99E-04,9.24E-01,7.09E-01,1.97E-04,1.44E-01,1.29E-01,1.20E-01,4.60E+00,3.81E+00,4.80E+00
7-dehydro-cholesterol,6.61E-01,8.07E-05,3.48E-01,7.70E-05,7.45E-05,4.67E-05,4.09E-05,4.53E-01,1.81E-01,2.60E-05,1.91E-05,3.23E-05,4.37E-01,5.50E-01,6.07E-01,1.90E-01,1.94E-01,2.07E-01,4.73E-01,5.61E-01,3.89E-01,1.69E-01,2.24E-01,2.69E-01,6.03E-05,4.77E-01,2.71E-01,5.39E-05,4.92E-05,4.94E-05,3.76E-04,2.50E-04,2.99E-04,2.99E-04,2.44E-04,1.97E-04,4.63E-01,1.05E+00,5.48E-05,5.88E-05,4.99E-05,4.80E-05
22R-hydroxy-cholesterol,8.86E-02,8.07E-05,7.67E-05,1.19E-01,7.45E-05,8.49E-02,4.09E-05,2.59E-05,3.01E-05,2.60E-05,1.70E-01,3.23E-05,1.50E-05,1.51E-05,1.28E-05,1.52E-05,1.57E-05,1.42E-05,1.27E-01,9.64E-06,9.31E-06,1.06E-05,9.47E-06,1.06E-05,6.03E-05,4.95E-05,5.65E-01,5.39E-05,4.92E-05,4.94E-05,3.76E-04,2.50E-04,2.99E-04,2.39E+00,2.44E-04,3.59E+00,5.66E-05,6.44E-05,5.48E-05,5.88E-05,4.99E-05,4.80E-05
24-25-epoxy-cholesterol,1.25E-01,1.23E-01,1.06E-01,5.18E-02,1.76E-01,1.02E-01,1.04E-01,9.91E-02,1.04E-01,8.04E-02,1.11E-01,1.12E-01,7.92E-02,8.52E-02,9.57E-02,7.16E-02,1.37E-01,8.02E-02,6.66E-02,9.64E-02,8.29E-02,5.57E-02,1.22E-01,7.50E-02,3.95E-02,4.86E-02,5.34E-02,5.39E-02,7.16E-02,4.94E-05,3.21E-02,1.04E-02,3.21E-02,2.17E-02,2.79E-02,1.97E-04,9.68E-02,1.87E-01,1.89E-01,1.71E-01,2.27E-01,1.31E-01
25-hydroxy-cholesterol,4.05E-02,3.37E-02,7.67E-05,7.70E-05,2.98E-02,3.06E-02,4.76E-02,1.93E-02,3.39E-02,2.55E-02,3.29E-02,3.99E-02,1.39E-02,2.12E-02,3.03E-02,1.52E-05,2.51E-02,1.63E-02,2.11E-02,1.19E-02,9.31E-06,1.06E-05,2.24E-02,1.83E-02,6.03E-05,4.95E-05,4.26E-05,5.39E-05,4.92E-05,4.94E-05,3.76E-04,2.50E-04,2.99E-04,2.99E-04,2.44E-04,1.97E-04,2.47E-02,6.44E-05,6.18E-02,3.00E-02,7.90E-02,4.63E-02
27-hydroxy-cholesterol,6.46E-02,8.65E-02,1.53E-01,7.70E-05,4.87E-02,5.94E-02,8.93E-02,6.60E-02,1.20E-01,3.97E-02,2.36E-02,6.46E-02,3.55E-02,2.61E-02,7.23E-02,2.40E-02,1.57E-05,2.85E-02,2.15E-02,2.98E-02,6.26E-02,1.06E-05,1.41E-02,2.31E-02,6.03E-05,4.95E-05,4.34E-02,5.39E-05,4.92E-05,4.94E-05,3.76E-04,2.50E-04,2.99E-04,2.99E-04,2.44E-04,1.97E-04,1.54E-01,1.87E-01,2.59E-01,8.02E-02,4.99E-05,6.72E-02
4b-hydroxy-cholesterol,2.40E-02,2.49E-02,3.07E-02,9.10E-02,2.30E-02,2.12E-02,1.49E-02,1.04E-02,1.10E-02,1.37E-02,1.42E-02,2.06E-02,2.24E-02,2.53E-02,1.42E-02,1.96E-02,2.09E-02,1.91E-02,1.91E-02,1.93E-02,1.59E-02,1.44E-02,2.07E-02,2.31E-02,2.08E-02,1.08E-02,2.17E-02,1.47E-02,1.79E-02,4.94E-05,3.76E-04,2.50E-04,2.99E-04,4.24E-02,2.83E-02,1.97E-04,3.19E-02,4.92E-02,7.88E-02,3.64E-02,3.81E-02,3.23E-02
6a-hydroxy-cholestanol,0.82593448,1.11446401,1.95129981,1.9590839,1.00208274,0.66242381,0.89293918,0.89635867,0.6570199,1.04044641,0.58957513,1.29192412,0.68288716,0.71493047,0.5601219,0.46847259,0.54273428,0.69838903,0.40839414,0.45586527,0.45692436,0.48016453,0.31008412,0.46155176,2.08379922,1.53078253,1.70386272,1.8608338,1.52100253,0.04128093,1.91304029,1.49798579,1.68405915,2.98851422,1.19597912,0.06104162,2.16215309,2.57750796,2.49241962,3.20992425,1.99706964,2.18200311
7-oxo-cholesterol,6.31E-01,4.69E-01,2.79E-01,3.78E-01,5.55E-01,4.50E-01,3.79E-01,3.11E-01,1.97E-01,2.74E-01,3.26E-01,4.87E-01,3.00E-01,3.02E-01,2.29E-01,3.58E-01,4.28E-01,3.62E-01,3.44E-01,2.81E-01,2.20E-01,2.69E-01,3.10E-01,2.88E-01,2.96E-01,1.80E-01,3.33E-01,2.55E-01,2.33E-01,4.94E-05,1.71E-01,1.04E-01,1.03E-01,8.69E-01,9.30E-02,2.37E+00,3.81E-01,5.39E-01,4.29E-01,5.99E-01,5.99E-01,5.76E-01
7a-hydroxy-cholesterol,8.41E-02,1.61E-01,5.58E-02,1.39E-01,1.04E-01,8.49E-02,4.39E-02,4.10E-02,1.53E-02,5.20E-02,5.20E-02,4.99E-02,1.99E-02,3.85E-02,2.24E-02,3.58E-02,2.69E-02,3.36E-02,3.22E-02,2.81E-02,8.46E-02,2.50E-02,1.43E-02,2.31E-02,6.03E-05,2.34E-02,7.74E-02,4.60E-02,4.47E-02,4.94E-05,3.76E-04,2.50E-04,2.99E-04,3.37E-01,2.44E-04,1.97E-04,5.15E-02,9.14E-02,7.88E-02,7.28E-02,6.54E-02,6.81E-02
Cholestenone,4.81E-02,4.55E-02,4.88E-02,7.70E-05,7.18E-02,5.35E-02,3.27E-02,2.92E-02,2.74E-02,3.88E-02,2.95E-02,4.87E-02,3.82E-02,3.57E-02,2.80E-02,2.76E-02,4.57E-02,3.88E-02,3.01E-02,1.93E-02,2.20E-02,2.50E-02,3.45E-02,2.50E-02,3.51E-02,3.06E-02,3.18E-02,3.13E-02,4.21E-02,4.94E-05,3.76E-04,2.50E-04,2.99E-04,2.99E-04,2.44E-04,1.97E-04,6.07E-02,5.51E-02,4.19E-02,6.21E-02,5.90E-02,7.42E-02
